date_found,company,role,job_url,status,applied_date,resume_version,contact_name,contact_linkedin,outreach_date,outreach_channel,followup_due,response,match_score,notes
2026-07-12,Amazon,"Software Development Engineer, Payroll Tax & Accounting Tech",https://www.amazon.jobs/en/jobs/10468614/software-development-engineer-payroll-tax-accounting-tech,not_fit,,,,,,,,,,JD-backfill: requires 3+ years
2026-07-12,Amazon,"Software Development Engineer, Payroll Tax & Accounting Tech",https://www.amazon.jobs/en/jobs/10468622/software-development-engineer-payroll-tax-accounting-tech,not_fit,,,,,,,,,,JD-backfill: requires 3+ years
2026-07-12,Amazon,"Software Development Engineer, LMDT- DTO",https://www.amazon.jobs/en/jobs/10469465/software-development-engineer-lmdt-dto,not_fit,,,,,,,,,,JD-backfill: requires 3+ years
2026-07-12,Amazon,"Software Development Engineer, EU 3P (MFN) Acceleration",https://www.amazon.jobs/en/jobs/10469706/software-development-engineer-eu-3p-mfn-acceleration,not_fit,,,,,,,,,,JD-backfill: requires 3+ years
2026-07-12,Amazon,"Software Development Engineer (Prime Video), Live Events Publishing",https://www.amazon.jobs/en/jobs/10467370/software-development-engineer-prime-video-live-events-publishing,not_fit,,,,,,,,,,JD-backfill: requires 3+ years
2026-07-12,Amazon,"Software Development Engineer, Your Orders & Federation Platform",https://www.amazon.jobs/en/jobs/10468929/software-development-engineer-your-orders-federation-platform,not_fit,,,,,,,,,,JD-backfill: requires 3+ years
2026-07-12,Amazon,"Software Development Engineer, AM Tools, ISS",https://www.amazon.jobs/en/jobs/10468950/software-development-engineer-am-tools-iss,not_fit,,,,,,,,,,JD-backfill: requires 3+ years
2026-07-12,Amazon,"Software Dev Engineer I, L4",https://www.amazon.jobs/en/jobs/10466128/software-dev-engineer-i-l4,not_fit,,,,,,,,,,JD-backfill: requires 3+ years
2026-07-12,Amazon,"Software Development Engineer, Delivery Choices",https://www.amazon.jobs/en/jobs/10466372/software-development-engineer-delivery-choices,not_fit,,,,,,,,,,JD-backfill: requires 3+ years
2026-07-12,Amazon,"Software Development Engineer, Amazon External Payments",https://www.amazon.jobs/en/jobs/10469684/software-development-engineer-amazon-external-payments,not_fit,,,,,,,,,,JD-backfill: requires 3+ years
2026-07-12,Amazon,"Software Development Engineer, Amazon Pay | Credit & Lending",https://www.amazon.jobs/en/jobs/10469671/software-development-engineer-amazon-pay-credit-lending,not_fit,,,,,,,,,,JD-backfill: requires 3+ years
2026-07-12,Amazon,"Software Development Engineer, Amazon Pay | Credit & Lending",https://www.amazon.jobs/en/jobs/10468548/software-development-engineer-amazon-pay-credit-lending,not_fit,,,,,,,,,,JD-backfill: requires 3+ years
2026-07-12,Amazon,"Software Development Engineer, RBS",https://www.amazon.jobs/en/jobs/10465551/software-development-engineer-rbs,not_fit,,,,,,,,,,JD-backfill: requires 3+ years
2026-07-12,Amazon,"Software Development Engineer, Prime Video Sports",https://www.amazon.jobs/en/jobs/10470167/software-development-engineer-prime-video-sports,not_fit,,,,,,,,,,JD-backfill: requires 3+ years
2026-07-12,Amazon,"Software Development Engineer, Amazon OpenSearch Service - DIY Observability",https://www.amazon.jobs/en/jobs/10462746/software-development-engineer-amazon-opensearch-service-diy-observability,not_fit,,,,,,,,,,JD-backfill: requires 3+ years
2026-07-12,Amazon,"Software Development Engineer, PXT Case Management System",https://www.amazon.jobs/en/jobs/10464018/software-development-engineer-pxt-case-management-system,not_fit,,,,,,,,,,JD-backfill: requires 3+ years
2026-07-12,Atlassian,Principle Software Engineer - Search and Data,https://careers-apac-atlassian.icims.com/jobs/25693/principle-software-engineer---search-and-data/job,not_fit,,,,,,,,,,title filter (backfill)
2026-07-12,Atlassian,Software Engineer,https://careers-americas.icims.com/jobs/25301/software-engineer/job,not_fit,,,,,,,,,,JD-backfill: requires 3-5 years
2026-07-12,Atlassian,Software Engineer,https://careers-americas.icims.com/jobs/25302/software-engineer/job,not_fit,,,,,,,,,,JD-backfill: requires 3-5 years
2026-07-12,Google,Software Engineer Engprod Google One And Google Photos,https://www.google.com/about/careers/applications/jobs/results/123693083568022214-software-engineer-engprod-google-one-and-google-photos,not_fit,,,,,,,,,,JD-backfill: requires 8+ years
2026-07-12,Google,Software Engineer Phd Early Career 2026,https://www.google.com/about/careers/applications/jobs/results/108281679147082438-software-engineer-phd-early-career-2026,not_fit,,,,,,,,,,JD-backfill: requires 8+ years
2026-07-12,Google,Software Engineer Phd Early Career 2026,https://www.google.com/about/careers/applications/jobs/results/107018346561446598-software-engineer-phd-early-career-2026,not_fit,,,,,,,,,,JD-backfill: requires 8+ years
2026-07-12,Google,Software Engineer Firmware,https://www.google.com/about/careers/applications/jobs/results/133637066729628358-software-engineer-firmware,not_fit,,,,,,,,,,JD-backfill: requires 4+ years
2026-07-12,Google,Software Engineer Phd Early Career Networking 2026 Start,https://www.google.com/about/careers/applications/jobs/results/126485952255140550-software-engineer-phd-early-career-networking-2026-start,not_fit,,,,,,,,,,JD-backfill: requires 8+ years
2026-07-12,Google,Software Engineer Persistent Disk Phd Early Career 2026,https://www.google.com/about/careers/applications/jobs/results/95785531123606214-software-engineer-persistent-disk-phd-early-career-2026,not_fit,,,,,,,,,,JD-backfill: requires 8+ years
2026-07-12,Google,Embedded Software Engineer Kernel Drivers And Systems Engineering,https://www.google.com/about/careers/applications/jobs/results/126871362588287686-embedded-software-engineer-kernel-drivers-and-systems-engineering,not_fit,,,,,,,,,,JD-backfill: requires 5+ years
2026-07-12,PhonePe,"Software Engineer, Android",https://job-boards.greenhouse.io/phonepe/jobs/7799494003,found,,,,,,,,,,
2026-07-12,PhonePe,Software Engineer - iOS,https://job-boards.greenhouse.io/phonepe/jobs/7680147003,not_fit,,,,,,,,,,JD-backfill: requires 5-9 years
2026-07-12,PhonePe,"Software Engineer, React Native (3-5 Years)",https://job-boards.greenhouse.io/phonepe/jobs/7795782003,not_fit,,,,,,,,,,JD-backfill: requires 3-5 years
2026-07-12,PhonePe,Software Engineer - SRE (Rust),https://job-boards.greenhouse.io/phonepe/jobs/7772955003,not_fit,,,,,,,,,,JD-backfill: requires 4-6 years
2026-07-12,Postman,"Software Engineer (Fullstack, frontend-heavy), Integrations",https://job-boards.greenhouse.io/postman/jobs/7799606003,found,,,,,,,,,,JD-backfill: borderline 2-4 yrs
2026-07-12,Razorpay,Full Stack Builder,https://job-boards.greenhouse.io/razorpaysoftwareprivatelimited/jobs/4699107005,not_fit,,,,,,,,,,JD-backfill: requires 3-6 years
2026-07-12,Razorpay,Full Stack Builder,https://job-boards.greenhouse.io/razorpaysoftwareprivatelimited/jobs/4712960005,not_fit,,,,,,,,,,JD-backfill: requires 3-6 years
2026-07-12,Zomato,Software Engineer – Back End,https://jobs.smartrecruiters.com/Zomato1/104244178,found,,,,,,,,,,
2026-07-12,Microsoft,Consultant - Apps Full Stack Engineer A2,https://apply.careers.microsoft.com/careers/job/1970393556864900,not_fit,,,,,,,,,,JD-backfill: requires 4-10 years
2026-07-12,ClickHouse,Core Software Engineer (C++) - Remote,https://job-boards.greenhouse.io/clickhouse/jobs/5755091004,found,,,,,,,,,,
2026-07-12,ClickHouse,Core Software Engineer (C++) - Remote,https://job-boards.greenhouse.io/clickhouse/jobs/5755090004,not_fit,,,,,,,,,,duplicate req (backfill)
2026-07-12,ClickHouse,Core Software Engineer (C++) - Remote,https://job-boards.greenhouse.io/clickhouse/jobs/5755092004,not_fit,,,,,,,,,,duplicate req (backfill)
2026-07-12,ClickHouse,Core Software Engineer (C++) - Remote,https://job-boards.greenhouse.io/clickhouse/jobs/5755093004,not_fit,,,,,,,,,,duplicate req (backfill)
2026-07-12,ClickHouse,Core Software Engineer (C++) - Remote,https://job-boards.greenhouse.io/clickhouse/jobs/5767816004,not_fit,,,,,,,,,,duplicate req (backfill)
2026-07-13,Salesforce,MTS/SMTS/LMTS - Software Engineer,https://salesforce.wd12.myworkdayjobs.com/en-US/External_Career_Site/job/India---Hyderabad/SMTS--Senior-Software-Backend-Engineer_JR312327,found,,,,,,,,,,
2026-07-13,Amazon,"Software Development Engineer I, Amazon Payments",https://www.amazon.jobs/en/jobs/10472171/software-development-engineer-i-amazon-payments,found,,,,,,,,,,
2026-07-13,Microsoft,Software Engineer,https://apply.careers.microsoft.com/careers/job/1970393556925493,found,,,,,,,,,,
2026-07-13,Microsoft,Software Engineer,https://apply.careers.microsoft.com/careers/job/1970393556873791,not_fit,,,,,,,,,,duplicate req (backfill)
2026-07-14,Amazon,"SDE, Alexa For Shopping",https://www.amazon.jobs/en/jobs/10473312/sde-alexa-for-shopping,found,,,,,,,,,,
2026-07-14,Rubrik,Software Engineer - Hypervisor,https://www.rubrik.com/company/careers/departments/job.8050714?gh_jid=8050714,found,,,,,,,,,,
2026-07-14,Google,Software Engineer Full Stack Google Cloud,https://www.google.com/about/careers/applications/jobs/results/88630606946017990-software-engineer-full-stack-google-cloud,not_fit,,,,,,,,,,JD-backfill: requires 8+ years
2026-07-14,Microsoft,Software Engineer,https://apply.careers.microsoft.com/careers/job/1970393556937574,found,,,,,,,,,,
2026-07-14,Trackier,Software Development Engineer- I (Backend),https://www.adzuna.in/details/5799859595?utm_medium=api&utm_source=616fbe19,found,,,,,,,,,,
2026-07-14,Naehas,Software Engineer - Python,https://www.adzuna.in/details/5799859598?utm_medium=api&utm_source=616fbe19,found,,,,,,,,,,
2026-07-14,Amazon Dev Center India - Hyderabad,"Software Development Engineer, Amazon Fulfillment Technology (AFT), Platform Engineering and Services",https://www.adzuna.in/details/5799815342?utm_medium=api&utm_source=616fbe19,found,,,,,,,,,,
2026-07-14,ADCI - Karnataka,"SDE, Alexa For Shopping",https://www.adzuna.in/details/5799815401?utm_medium=api&utm_source=616fbe19,found,,,,,,,,,,
2026-07-14,ADCI HYD 13 SEZ,"Software Development Engineer I, Amazon Payments",https://www.adzuna.in/details/5799815415?utm_medium=api&utm_source=616fbe19,found,,,,,,,,,,
2026-07-14,ADCI MAA 15 SEZ,"Software Development Engineer, Alexa Audio, Alexa Audio",https://www.adzuna.in/details/5799815375?utm_medium=api&utm_source=616fbe19,found,,,,,,,,,,
2026-07-14,IBM,Software Engineer - Confluent,https://www.adzuna.in/details/5799811590?utm_medium=api&utm_source=616fbe19,found,,,,,,,,,,
2026-07-14,Amazon,Software Development Engineer,https://www.adzuna.in/details/5799811503?utm_medium=api&utm_source=616fbe19,found,,,,,,,,,,
2026-07-14,MillerKnoll,Software Engineer – Full Stack (.Net/React/Oracle),https://www.adzuna.in/details/5799811418?utm_medium=api&utm_source=616fbe19,found,,,,,,,,,,
2026-07-14,"Mercari, Inc. ",Software Engineer (Machine learning & Recommendation),https://www.adzuna.in/details/5799592114?utm_medium=api&utm_source=616fbe19,found,,,,,,,,,,
2026-07-14,Moody's,Software Engineer,https://www.adzuna.in/details/5799922227?utm_medium=api&utm_source=616fbe19,found,,,,,,,,,,
2026-07-14,Moody's,Software Engineer,https://www.adzuna.in/details/5799922183?utm_medium=api&utm_source=616fbe19,found,,,,,,,,,,
2026-07-14,Airbnb,"Software Engineer, Cloud Networking",https://careers.airbnb.com/positions/8037090?gh_jid=8037090,found,,,,,,,,,,
2026-07-14,Cloudflare,"Software Engineer, Network Performance & Reliability",https://boards.greenhouse.io/cloudflare/jobs/7446310?gh_jid=7446310,found,,,,,,,,,,
2026-07-14,Cloudflare,Software Engineer - Network Platforms,https://boards.greenhouse.io/cloudflare/jobs/7541032?gh_jid=7541032,found,,,,,,,,,,
2026-07-14,Cloudflare,"Systems Engineer, MAPS",https://boards.greenhouse.io/cloudflare/jobs/7742773?gh_jid=7742773,found,,,,,,,,,,
2026-07-14,Coinbase,Software Engineer,https://www.coinbase.com/careers/positions/8022068?gh_jid=8022068,found,,,,,,,,,,
2026-07-14,Coinbase,"Software Engineer, EAA Integrations",https://www.coinbase.com/careers/positions/7558051?gh_jid=7558051,found,,,,,,,,,,
2026-07-14,Datadog,Technical Support Engineer 1,https://careers.datadoghq.com/detail/7978468/?gh_jid=7978468,found,,,,,,,,,,
2026-07-14,Gitlab,"Backend Engineer (Ruby), AI Engineering: Agent Observability",https://job-boards.greenhouse.io/gitlab/jobs/8620720002,found,,,,,,,,,,
2026-07-14,Gitlab,Intermediate Backend Engineer - Analytics Instrumentation,https://job-boards.greenhouse.io/gitlab/jobs/8615389002,found,,,,,,,,,,
2026-07-14,Gitlab,"Intermediate Backend Engineer (C), Tenant Scale: Git",https://job-boards.greenhouse.io/gitlab/jobs/8497793002,found,,,,,,,,,,
2026-07-14,Gitlab,Intermediate Fullstack Engineer - Data Products,https://job-boards.greenhouse.io/gitlab/jobs/8623751002,found,,,,,,,,,,
2026-07-14,Hackerrank,Software Development Engineer in Test I,https://job-boards.greenhouse.io/hackerrank/jobs/7606892,found,,,,,,,,,,
2026-07-14,Mindtickle,Software Engineer in Infrastruture - Automation QA,https://jobs.smartrecruiters.com/mindtickle/88535231,found,,,,,,,,,,
2026-07-14,Mindtickle,Mobile App Software Engineer,https://jobs.smartrecruiters.com/mindtickle/80590887,found,,,,,,,,,,
2026-07-14,Ramp,"Software Engineer, Argentina",https://jobs.ashbyhq.com/ramp/9320454f-f2ca-4c19-82d2-b51b8d75fd3a,found,,,,,,,,,,
2026-07-14,Reddit,"Backend Engineer, Moderation Enforcement",https://job-boards.greenhouse.io/reddit/jobs/7922994,found,,,,,,,,,,
2026-07-14,Reddit,Software Engineer - Data Movement Platform,https://job-boards.greenhouse.io/reddit/jobs/7997866,found,,,,,,,,,,
2026-07-14,Render,"Software Engineer, Dev Velocity (all levels)",https://jobs.ashbyhq.com/render/a3f88090-5e37-43a7-b392-04b02056db6d,found,,,,,,,,,,
2026-07-14,Stripe,"Backend Engineer, Core Tech, Canada",https://stripe.com/jobs/search?gh_jid=6567253,found,,,,,,,,,,
2026-07-14,Stripe,"Backend Engineer, Core Technology",https://stripe.com/jobs/search?gh_jid=6042172,found,,,,,,,,,,
2026-07-14,Twilio,Associate Application Engineer,https://job-boards.greenhouse.io/twilio/jobs/8048659,found,,,,,,,,,,
2026-07-14,Twilio,Frontend Software Engineer,https://job-boards.greenhouse.io/twilio/jobs/7946608,found,,,,,,,,,,
2026-07-14,Twilio,Software Engineer,https://job-boards.greenhouse.io/twilio/jobs/7647708,found,,,,,,,,,,
2026-07-14,Twilio,"Software Engineer, (L2) CDP",https://job-boards.greenhouse.io/twilio/jobs/7602727,found,,,,,,,,,,
2026-07-14,Twilio,Technical Support Engineer 1,https://job-boards.greenhouse.io/twilio/jobs/8016229,found,,,,,,,,,,
2026-07-14,Unacademy,"Software Engineer, Backend",https://jobs.smartrecruiters.com/unacademy/743999672726735,found,,,,,,,,,,
2026-07-14,Vercel,"Software Engineer, Backend",https://job-boards.greenhouse.io/vercel/jobs/5430088004,found,,,,,,,,,,
2026-07-14,Vercel,"Software Engineer, CDN Content",https://job-boards.greenhouse.io/vercel/jobs/6105394004,found,,,,,,,,,,
2026-07-14,Vercel,"Software Engineer, Next.js",https://job-boards.greenhouse.io/vercel/jobs/5993753004,found,,,,,,,,,,
2026-07-14,Anyscale,"Software Engineer, Ray Serve",https://jobs.ashbyhq.com/anyscale/c35b6d34-710d-4943-85b6-2073ff4eecd1,found,,,,,,,,,,
2026-07-14,Epifi,Member of Technical Staff (MTS) – DevOps & Infrastructure,https://jobs.lever.co/epifi/d29bf970-adb6-43c4-9155-03491b1b7b91,found,,,,,,,,,,
2026-07-14,Posthog,Backend Engineer (Europe/UK timezone),https://jobs.ashbyhq.com/posthog/3f190a45-7810-47f9-b77d-169b806ea266,found,,,,,,,,,,
2026-07-14,Posthog,Backend Engineer,https://jobs.ashbyhq.com/posthog/1803b1de-d33b-4542-8e38-b6c4954cb789,found,,,,,,,,,,
2026-07-14,Posthog,Backend Engineer (EST timezone),https://jobs.ashbyhq.com/posthog/af00b414-fdb3-41b5-8843-828b4a0e373a,found,,,,,,,,,,
2026-07-14,Saviynt,Software Engineer - Java,https://jobs.lever.co/saviynt/cafdcb41-e50f-43ba-a2f7-c85622adaf75,found,,,,,,,,,,
2026-07-14,Zapier,"Software Engineer, Release Engineering",https://jobs.ashbyhq.com/zapier/6948a0e6-a580-4e9d-b109-20652d9a1507,found,,,,,,,,,,
2026-07-14,Pratiti Technologies Pvt. Ltd.,C++ Software Engineer,https://www.adzuna.in/details/5800146133?utm_medium=api&utm_source=616fbe19,found,,,,,,,,,,
2026-07-15,NielsenIQ,Software Engineer - Angular NodeJS,https://www.adzuna.in/details/5800543758?utm_medium=api&utm_source=616fbe19,found,,,,,,,,,,
2026-07-15,Salesforce,Software Engineering (SMTS / MTS) – Platform Engineering (Distributed Systems & Infrastructure),https://www.adzuna.in/details/5800411496?utm_medium=api&utm_source=616fbe19,found,,,,,,,,,,
2026-07-15,Ford Motor,Software Engineer,https://www.adzuna.in/details/5800411305?utm_medium=api&utm_source=616fbe19,found,,,,,,,,,,
2026-07-15,Jobgether,Full Stack Engineer,https://www.adzuna.in/details/5800411037?utm_medium=api&utm_source=616fbe19,found,,,,,,,,,,
2026-07-15,Proximity Works,Software Engineer - Python (Contractual role),https://www.adzuna.in/details/5801061475?utm_medium=api&utm_source=616fbe19,found,,,,,,,,,,
2026-07-15,Proximity Works,Software Engineer - GoLang (Contractual role),https://www.adzuna.in/details/5801061481?utm_medium=api&utm_source=616fbe19,found,,,,,,,,,,
2026-07-15,ADCI - Karnataka,"Software Development Engineer, Aurora MySQL",https://www.adzuna.in/details/5801028510?utm_medium=api&utm_source=616fbe19,found,,,,,,,,,,
2026-07-15,ADCI - Karnataka,"SDE, International Cobranded Credit Cards",https://www.adzuna.in/details/5801027930?utm_medium=api&utm_source=616fbe19,found,,,,,,,,,,
2026-07-15,Hewlett Packard Enterprise,Graduate Software Engineer,https://www.adzuna.in/details/5801026950?utm_medium=api&utm_source=616fbe19,found,,,,,,,,,,
2026-07-15,Amazon,Software Dev Engineer I FTC,https://www.amazon.jobs/en/jobs/10470829/software-dev-engineer-i-ftc,found,,,,,,,,,,
2026-07-15,Microsoft,Software Engineer,https://apply.careers.microsoft.com/careers/job/1970393556876290,found,,,,,,,,,,
2026-07-15,Experian,"Software Engineer - (Java Full Stack,AWS)",https://www.adzuna.in/details/5801251112?utm_medium=api&utm_source=616fbe19,found,,,,,,,,,,
2026-07-16,Addverb Technologies,Robotics Software Engineer Advanced Robotics,https://www.adzuna.in/details/5802074257?utm_medium=api&utm_source=616fbe19,found,,,,,,,,,,
2026-07-16,Applicate,Software Engineer,https://www.adzuna.in/details/5802073842?utm_medium=api&utm_source=616fbe19,found,,,,,,,,,,
2026-07-16,Scout Incorporation,Software Engineer,https://www.adzuna.in/details/5802024792?utm_medium=api&utm_source=616fbe19,found,,,,,,,,,,
2026-07-16,Scout Incorporation,Full Stack Software Engineer,https://www.adzuna.in/details/5802024856?utm_medium=api&utm_source=616fbe19,found,,,,,,,,,,
2026-07-16,Microsoft,Software Engineer,https://www.adzuna.in/details/5801820935?utm_medium=api&utm_source=616fbe19,found,,,,,,,,,,
2026-07-16,Rubrik,Software Engineer - Hypervisor,https://www.adzuna.in/details/5802319347?utm_medium=api&utm_source=616fbe19,found,,,,,,,,,,
2026-07-16,NetApp,Software Engineer,https://www.adzuna.in/details/5802318861?utm_medium=api&utm_source=616fbe19,found,,,,,,,,,,
2026-07-16,Microsoft Corporation,Software Engineer,https://www.adzuna.in/details/5802318788?utm_medium=api&utm_source=616fbe19,found,,,,,,,,,,
2026-07-16,Kyndryl,Software Engineer - Full Stack Development,https://www.adzuna.in/details/5802318627?utm_medium=api&utm_source=616fbe19,found,,,,,,,,,,
2026-07-16,Kyndryl,Software Engineer - Full Stack Development,https://www.adzuna.in/details/5802318665?utm_medium=api&utm_source=616fbe19,found,,,,,,,,,,
2026-07-16,Kyndryl,Software Developer - AI,https://www.adzuna.in/details/5802318582?utm_medium=api&utm_source=616fbe19,found,,,,,,,,,,
2026-07-16,Kyndryl,Software Engineer - Full Stack Development,https://www.adzuna.in/details/5802318607?utm_medium=api&utm_source=616fbe19,found,,,,,,,,,,
2026-07-16,Kyndryl,Software Engineer - Full Stack Development,https://www.adzuna.in/details/5802318664?utm_medium=api&utm_source=616fbe19,found,,,,,,,,,,
2026-07-16,ADCI HYD 13 SEZ,"System Development Engineer I, Amazon WWR&R",https://www.adzuna.in/details/5802676125?utm_medium=api&utm_source=616fbe19,found,,,,,,,,,,
2026-07-16,Microsoft,Software Engineer,https://www.adzuna.in/details/5802675624?utm_medium=api&utm_source=616fbe19,found,,,,,,,,,,
2026-07-16,Microsoft,Software Engineer,https://apply.careers.microsoft.com/careers/job/1970393556636678,found,,,,,,,,,,
2026-07-16,Microsoft,Software Engineer (AI-native development),https://apply.careers.microsoft.com/careers/job/1970393556928825,found,,,,,,,,,,
2026-07-16,Sparix Global.,AI-Native Software Engineer,https://www.adzuna.in/details/5803520364?utm_medium=api&utm_source=616fbe19,found,,,,,,,,,,
2026-07-17,Google,"Software Engineer, Full Stack, Google Cloud",https://www.adzuna.in/details/5803893629?utm_medium=api&utm_source=616fbe19,found,,,,,,,,,,
2026-07-17,GE HealthCare,Software Engineer,https://www.adzuna.in/details/5804445521?utm_medium=api&utm_source=616fbe19,found,,,,,,,,,,
2026-07-17,Fortive Corporation,Software Engineer,https://www.adzuna.in/details/5804445508?utm_medium=api&utm_source=616fbe19,found,,,,,,,,,,
2026-07-17,Amazon,Software Dev Engineer I FTC,https://www.adzuna.in/details/5804445029?utm_medium=api&utm_source=616fbe19,found,,,,,,,,,,
2026-07-17,Lalitech,Software Engineer (React / AI Integrations),https://www.adzuna.in/details/5804689393?utm_medium=api&utm_source=616fbe19,found,,,,,,,,,,
2026-07-17,ADCI - Karnataka,"Software Development Engineer, Loss Prevention Tech, WWOS Corporate",https://www.adzuna.in/details/5804687012?utm_medium=api&utm_source=616fbe19,found,,,,,,,,,,
2026-07-17,CGI,Software Engineer,https://www.adzuna.in/details/5804686458?utm_medium=api&utm_source=616fbe19,found,,,,,,,,,,
2026-07-17,Electronic Arts ,Associate Software Engineer,https://www.adzuna.in/details/5804686541?utm_medium=api&utm_source=616fbe19,found,,,,,,,,,,
2026-07-17,Google,Software Engineer Full Stack,https://www.google.com/about/careers/applications/jobs/results/123915498449445574-software-engineer-full-stack,found,,,,,,,,,,
2026-07-17,Mastercard,Software Engineer I,https://mastercard.wd1.myworkdayjobs.com/en-US/CorporateCareers/job/Pune-India/Software-Engineer-I_R-282195,found,,,,,,,,,,
2026-07-18,IBM,Software Engineer - Confluent,https://www.adzuna.in/details/5805616848?utm_medium=api&utm_source=616fbe19,found,,,,,,,,,,
2026-07-18,Scout Incorporation,Software Engineer - Backend,https://www.adzuna.in/details/5805537713?utm_medium=api&utm_source=616fbe19,found,,,,,,,,,,
2026-07-18,Inkey IT Solutions Pvt Ltd,Associate Software Engineer Power BI,https://www.adzuna.in/details/5805536273?utm_medium=api&utm_source=616fbe19,found,,,,,,,,,,
2026-07-18,Valtitude,Associate Software Engineer Full Stack and Cloud Pune India Office,https://www.adzuna.in/details/5805535218?utm_medium=api&utm_source=616fbe19,found,,,,,,,,,,
2026-07-18,Worldpay,"Software Engineer Specialist (BASE24, TAL)_10Yrs_Pune",https://www.adzuna.in/details/5805406614?utm_medium=api&utm_source=616fbe19,found,,,,,,,,,,
2026-07-18,Resilinc,Software Engineer,https://www.adzuna.in/details/5805406288?utm_medium=api&utm_source=616fbe19,found,,,,,,,,,,
2026-07-18,Quorum Software,Software Engineer I - DaWinci (Hybrid Work Model),https://www.adzuna.in/details/5805406064?utm_medium=api&utm_source=616fbe19,found,,,,,,,,,,
2026-07-18,Nexthink,Platform Software Engineer - Core Infrastructure,https://www.adzuna.in/details/5805595789?utm_medium=api&utm_source=616fbe19,found,,,,,,,,,,
2026-07-18,ADCI - Karnataka - A66,Systems Development Engineer I,https://www.adzuna.in/details/5806010219?utm_medium=api&utm_source=616fbe19,found,,,,,,,,,,
2026-07-18,Capgemini,Software Engineer,https://www.adzuna.in/details/5806010011?utm_medium=api&utm_source=616fbe19,found,,,,,,,,,,
2026-07-18,S&P Global,Associate Software Development Engineer - Information Security,https://www.adzuna.in/details/5806276463?utm_medium=api&utm_source=616fbe19,found,,,,,,,,,,
2026-07-19,veralto,Software Engineer I,https://www.adzuna.in/details/5806705268?utm_medium=api&utm_source=616fbe19,found,,,,,,,,,,
2026-07-19,Uber,uReturn -Software Engineer / Applications Developer / Data Engineer,https://www.adzuna.in/details/5806704499?utm_medium=api&utm_source=616fbe19,found,,,,,,,,,,
2026-07-19,Paychex,Database Engineer I,https://www.adzuna.in/details/5806895033?utm_medium=api&utm_source=616fbe19,found,,,,,,,,,,
2026-07-19,ADCI - Karnataka,Software Development Engineer,https://www.adzuna.in/details/5807048327?utm_medium=api&utm_source=616fbe19,found,,,,,,,,,,
2026-07-20,Elevenlabs,Forward Deployed Engineer - Software Engineer - India,https://jobs.ashbyhq.com/elevenlabs/c25e27d5-71ff-4763-ae7b-137d0c252efa,found,,,,,,,,,,
2026-07-20,Kyndryl,Fullstack software developer,https://www.adzuna.in/details/5807874058?utm_medium=api&utm_source=616fbe19,found,,,,,,,,,,
2026-07-20,Kyndryl,Fullstack software developer,https://www.adzuna.in/details/5807874059?utm_medium=api&utm_source=616fbe19,found,,,,,,,,,,
2026-07-20,Kyndryl,Full Stack Software Developer,https://www.adzuna.in/details/5807874048?utm_medium=api&utm_source=616fbe19,found,,,,,,,,,,
2026-07-20,Kyndryl,Fullstack software developer,https://www.adzuna.in/details/5807874040?utm_medium=api&utm_source=616fbe19,found,,,,,,,,,,
2026-07-20,Kyndryl,Fullstack software developer,https://www.adzuna.in/details/5807874042?utm_medium=api&utm_source=616fbe19,found,,,,,,,,,,
2026-07-20,ADCI HYD 13 SEZ,"Software Development Engineer, Amazon Finance Technology",https://www.adzuna.in/details/5808007793?utm_medium=api&utm_source=616fbe19,found,,,,,,,,,,
2026-07-20,ADCI - Karnataka,"SDE, Alexa For Shopping",https://www.adzuna.in/details/5808007792?utm_medium=api&utm_source=616fbe19,found,,,,,,,,,,
2026-07-20,Jobgenix,Graduate software engineer,https://www.adzuna.in/details/5808003812?utm_medium=api&utm_source=616fbe19,found,,,,,,,,,,
2026-07-20,Infor,Software Engineer,https://www.adzuna.in/details/5808003948?utm_medium=api&utm_source=616fbe19,found,,,,,,,,,,
2026-07-20,Amazon,Software Application Engineer,https://www.adzuna.in/details/5808003790?utm_medium=api&utm_source=616fbe19,found,,,,,,,,,,
2026-07-20,Kyndryl,Fullstack software developer,https://www.adzuna.in/details/5807954822?utm_medium=api&utm_source=616fbe19,found,,,,,,,,,,
2026-07-20,Kyndryl,Full Stack Software Developer,https://www.adzuna.in/details/5807953879?utm_medium=api&utm_source=616fbe19,found,,,,,,,,,,
2026-07-20,Astrome Technologies,Software Engineer - Space Simulation Platform,https://www.adzuna.in/details/5808150249?utm_medium=api&utm_source=616fbe19,found,,,,,,,,,,
2026-07-20,Microsoft,Software Engineer,https://apply.careers.microsoft.com/careers/job/1970393556933677,found,,,,,,,,,,
2026-07-20,Google,Software Engineer Site Reliability Engineering,https://www.google.com/about/careers/applications/jobs/results/135947084825010886-software-engineer-site-reliability-engineering,found,,,,,,,,,,
2026-07-21,Caterpillar,Software Engineer Performance Engineering,https://www.adzuna.in/details/5808698559?utm_medium=api&utm_source=616fbe19,found,,,,,,,,,,
2026-07-21,U.S. Bank,Software Engineer,https://www.adzuna.in/details/5808495900?utm_medium=api&utm_source=616fbe19,found,,,,,,,,,,
2026-07-21,CT Nova,Full Stack Engineer,https://www.adzuna.in/details/5809200136?utm_medium=api&utm_source=616fbe19,found,,,,,,,,,,
2026-07-21,ADCI - Karnataka,"Software Development Engineer, Amazon Pharmacy, Amazon Phamarcy",https://www.adzuna.in/details/5809197119?utm_medium=api&utm_source=616fbe19,found,,,,,,,,,,
2026-07-21,ADCI - Karnataka,"Software Development Engineer, Fulfillment by Amazon, FBA",https://www.adzuna.in/details/5809197106?utm_medium=api&utm_source=616fbe19,found,,,,,,,,,,
2026-07-21,METRO Global Solution Center IN,Backend Engineer,https://www.adzuna.in/details/5808924279?utm_medium=api&utm_source=616fbe19,found,,,,,,,,,,
2026-07-21,Google,Software Engineer Workspace Search Quality,https://www.google.com/about/careers/applications/jobs/results/126159953869054662-software-engineer-workspace-search-quality,found,,,,,,,,,,
2026-07-21,Eurofins GSC IT DC,Software Engineer,https://www.adzuna.in/details/5809629149?utm_medium=api&utm_source=616fbe19,found,,,,,,,,,,
2026-07-22,The Future University,Software Engineer – GoLang,https://www.adzuna.in/details/5810200784?utm_medium=api&utm_source=616fbe19,found,,,,,,,,,,
2026-07-22,Barclays,Software Engineer,https://www.adzuna.in/details/5809895601?utm_medium=api&utm_source=616fbe19,found,,,,,,,,,,
2026-07-22,Bosch,2025_.Net/Full Stack Architect_MS/EAC-EM_Coimbatore,https://jobs.smartrecruiters.com/BoschGroup/744000138995839,found,,,,,,,,,,
2026-07-22,ADCI - Maharashtra,"Software Development Engineer, Alexa AI Developer Tech",https://www.adzuna.in/details/5810747096?utm_medium=api&utm_source=616fbe19,found,,,,,,,,,,
2026-07-22,MindBridge,Software Development Engineer,https://www.adzuna.in/details/5810716575?utm_medium=api&utm_source=616fbe19,found,,,,,,,,,,
2026-07-22,Kyndryl,Software Developer,https://www.adzuna.in/details/5810710723?utm_medium=api&utm_source=616fbe19,found,,,,,,,,,,
2026-07-22,Atlassian,Software Engineer,https://careers-apac-atlassian.icims.com/jobs/25805/software-engineer/job,found,,,,,,,,,,
2026-07-22,Microsoft,Software Engineer,https://apply.careers.microsoft.com/careers/job/1970393556929001,found,,,,,,,,,,
2026-07-22,Bosch,Cross-domain Full stack Software Engineer,https://jobs.smartrecruiters.com/BoschGroup/744000139043844,found,,,,,,,,,,
2026-07-22,Cloudflare,"Software Engineer, Realtime",https://boards.greenhouse.io/cloudflare/jobs/7887609?gh_jid=7887609,found,,,,,,,,,,
2026-07-22,Eurofins GSC IT DC,Software Engineer,https://www.adzuna.in/details/5811132532?utm_medium=api&utm_source=616fbe19,found,,,,,,,,,,
2026-07-22,SWIGGY,Software Dev Engineer I,https://www.adzuna.in/details/5811132427?utm_medium=api&utm_source=616fbe19,found,,,,,,,,,,
2026-07-23,PayU,Software Engineer - Java,https://www.adzuna.in/details/5811736520?utm_medium=api&utm_source=616fbe19,found,,,,,,,,,,
2026-07-23,Cult fit,Backend Engineer,https://www.adzuna.in/details/5811731128?utm_medium=api&utm_source=616fbe19,found,,,,,,,,,,
2026-07-23,Opentext,Software Engineer,https://www.adzuna.in/details/5811730721?utm_medium=api&utm_source=616fbe19,found,,,,,,,,,,
2026-07-23,Opentext,Software Engineer,https://www.adzuna.in/details/5811730717?utm_medium=api&utm_source=616fbe19,found,,,,,,,,,,
2026-07-23,UnitedHealth Group,Full Stack Engineer,https://www.adzuna.in/details/5811918550?utm_medium=api&utm_source=616fbe19,found,,,,,,,,,,
2026-07-23,American Express,Software Engineer I,https://www.adzuna.in/details/5811918171?utm_medium=api&utm_source=616fbe19,found,,,,,,,,,,
2026-07-23,HSBC,Software Engineer,https://www.adzuna.in/details/5811918080?utm_medium=api&utm_source=616fbe19,found,,,,,,,,,,
2026-07-23,Otis Elevator Company,Associate Engineer,https://www.adzuna.in/details/5811917552?utm_medium=api&utm_source=616fbe19,found,,,,,,,,,,
2026-07-23,"NTT America, Inc.",Software Engineer,https://www.adzuna.in/details/5811917435?utm_medium=api&utm_source=616fbe19,found,,,,,,,,,,
2026-07-23,ADCI - Karnataka,"Software Development Engineer, Customer Experience and Business Trends",https://www.adzuna.in/details/5812186233?utm_medium=api&utm_source=616fbe19,found,,,,,,,,,,
2026-07-23,Microsoft,Software Engineer,https://www.adzuna.in/details/5812180431?utm_medium=api&utm_source=616fbe19,found,,,,,,,,,,
2026-07-23,Gitlab,Intermediate Backend Engineer - Platform Integrations (Monetization),https://job-boards.greenhouse.io/gitlab/jobs/8615332002,found,,,,,,,,,,
2026-07-23,Rubrik,Software Engineer Atlas,https://www.rubrik.com/company/careers/departments/job.8076301?gh_jid=8076301,found,,,,,,,,,,
2026-07-23,Psiog,Software Engineer- Snowflake,https://www.adzuna.in/details/5812267298?utm_medium=api&utm_source=616fbe19,found,,,,,,,,,,
2026-07-23,Accenture,Software Development Engineer,https://www.adzuna.in/details/5812528514?utm_medium=api&utm_source=616fbe19,found,,,,,,,,,,
2026-07-23,Elite Worldgroup Inc.,Full Stack Developer,https://remoteOK.com/remote-jobs/remote-full-stack-developer-elite-worldgroup-inc-1135288,found,,,,,,,,,,
2026-07-23,Mattel,Software Engineer Data Analytics,https://www.adzuna.in/details/5812614526?utm_medium=api&utm_source=616fbe19,found,,,,,,,,,,
2026-07-23,NielsenIQ,Software Engineer - Java with Angular,https://www.adzuna.in/details/5812614067?utm_medium=api&utm_source=616fbe19,found,,,,,,,,,,
2026-07-23,Xplor,Fullstack Software Engineer - Embedded Payments,https://www.adzuna.in/details/5812614039?utm_medium=api&utm_source=616fbe19,found,,,,,,,,,,
2026-07-23,Twilio,Software Engineer (L2) Email,https://job-boards.greenhouse.io/twilio/jobs/7689461,found,,,,,,,,,,
2026-07-24,IBM,Software Engineer - Confluent,https://www.adzuna.in/details/5813204336?utm_medium=api&utm_source=616fbe19,found,,,,,,,,,,
2026-07-24,CannonDesign,Jr. Software Engineer,https://www.adzuna.in/details/5812907806?utm_medium=api&utm_source=616fbe19,found,,,,,,,,,,
2026-07-24,Hewlett Packard Enterprise,Experienced .Net Systems Engineer,https://www.adzuna.in/details/5812906861?utm_medium=api&utm_source=616fbe19,found,,,,,,,,,,
2026-07-24,Haystack,Junior Software Engineer,https://remoteOK.com/remote-jobs/remote-junior-software-engineer-haystack-1135318,found,,,,,,,,,,
2026-07-24,GE Vernova,Software Engineer - Backend,https://www.adzuna.in/details/5813414532?utm_medium=api&utm_source=616fbe19,found,,,,,,,,,,
2026-07-24,Citigroup,Java Full Stack Engineer,https://www.adzuna.in/details/5813414201?utm_medium=api&utm_source=616fbe19,found,,,,,,,,,,
2026-07-24,ADCI - Karnataka,"Software Development Engineer, AWS DynamoDB",https://www.adzuna.in/details/5813703674?utm_medium=api&utm_source=616fbe19,found,,,,,,,,,,
2026-07-24,ADCI HYD 13 SEZ,"Software Development Engineer, Amazon Traffic Engineering",https://www.adzuna.in/details/5813703678?utm_medium=api&utm_source=616fbe19,found,,,,,,,,,,
2026-07-24,NielsenIQ,"Software Engineer [Data Engineer - Python, SQL, Snowflake, Cloud, Devops (CI/CD pipeline) AI (Co-pilot usage and prompt engineering/ Gen AI), Docker, Kubernetes]",https://www.adzuna.in/details/5813480580?utm_medium=api&utm_source=616fbe19,found,,,,,,,,,,
2026-07-24,Twilio,Software Engineer (L2),https://job-boards.greenhouse.io/twilio/jobs/7946610,found,,,,,,,,,,
2026-07-24,Staples India Business Innovation Hub Private Limited,Associate Software Engineer - Full Stack,https://www.adzuna.in/details/5814178672?utm_medium=api&utm_source=616fbe19,found,,,,,,,,,,
2026-07-24,Xplor,Software Engineer in Test - Embedded Payments,https://www.adzuna.in/details/5814246350?utm_medium=api&utm_source=616fbe19,found,,,,,,,,,,
2026-07-24,Trigent Software Private Limited,Custom Software Engineer - Servicenow ITSM,https://www.adzuna.in/details/5814232618?utm_medium=api&utm_source=616fbe19,found,,,,,,,,,,
2026-07-25,Scout Incorporation,Software Engineer,https://www.adzuna.in/details/5814757318?utm_medium=api&utm_source=616fbe19,found,,,,,,,,,,
2026-07-25,GitLab,Intermediate Backend Engineer - Platform Integrations (Monetization),https://www.adzuna.in/details/5814521926?utm_medium=api&utm_source=616fbe19,found,,,,,,,,,,
2026-07-25,NetApp,Software Engineer,https://www.adzuna.in/details/5814996156?utm_medium=api&utm_source=616fbe19,found,,,,,,,,,,
2026-07-25,Cisco,Software Engineer,https://www.adzuna.in/details/5814995229?utm_medium=api&utm_source=616fbe19,found,,,,,,,,,,
2026-07-25,SolarEdge,Embedded Software Engineer,https://www.adzuna.in/details/5815106681?utm_medium=api&utm_source=616fbe19,found,,,,,,,,,,
2026-07-25,ADCI - Karnataka,"Software Development Engineer, Amazon Device Observability & Troubleshooting Team",https://www.adzuna.in/details/5815241586?utm_medium=api&utm_source=616fbe19,found,,,,,,,,,,
2026-07-25,Amazon Dev Center India - Hyderabad,SDE-1 (Fixed Term Contract),https://www.adzuna.in/details/5815239930?utm_medium=api&utm_source=616fbe19,found,,,,,,,,,,
2026-07-25,Lam Research,Software Engineer 1,https://www.adzuna.in/details/5815238293?utm_medium=api&utm_source=616fbe19,found,,,,,,,,,,
2026-07-25,Salesforce,MTS/SMTS/LMTS - Software Engineer,https://www.adzuna.in/details/5815238095?utm_medium=api&utm_source=616fbe19,found,,,,,,,,,,
2026-07-25,WisdomAI,"Software Engineer, Backend",https://www.adzuna.in/details/5815238078?utm_medium=api&utm_source=616fbe19,found,,,,,,,,,,
2026-07-25,httpswwwicloudemscomvlog,Software Engineer â AI/ML,https://www.adzuna.in/details/5815227985?utm_medium=api&utm_source=616fbe19,found,,,,,,,,,,
2026-07-26,Scout Incorporation,Software Engineer - Backend,https://www.adzuna.in/details/5816029418?utm_medium=api&utm_source=616fbe19,found,,,,,,,,,,
2026-07-26,Scout Incorporation,Backend Engineer,https://www.adzuna.in/details/5816029430?utm_medium=api&utm_source=616fbe19,found,,,,,,,,,,
2026-07-26,U.S. Bank,Software Engineer,https://www.adzuna.in/details/5815851552?utm_medium=api&utm_source=616fbe19,found,,,,,,,,,,
2026-07-26,OpenGov,Software Engineer I,https://www.adzuna.in/details/5815850028?utm_medium=api&utm_source=616fbe19,found,,,,,,,,,,
2026-07-26,U.S. Bank,Software Engineer 1 - IN,https://www.adzuna.in/details/5816234736?utm_medium=api&utm_source=616fbe19,found,,,,,,,,,,
2026-07-26,Wells Fargo,"Software Engineer - Backend Java, Spring Boot, Microservices, Kafka, AI/ML, Gen AI",https://www.adzuna.in/details/5816233658?utm_medium=api&utm_source=616fbe19,found,,,,,,,,,,
2026-07-26,Nike,"Software Engineer I, ITC",https://www.adzuna.in/details/5816233139?utm_medium=api&utm_source=616fbe19,found,,,,,,,,,,
2026-07-26,Honeywell,IT Engineer I,https://www.adzuna.in/details/5816232857?utm_medium=api&utm_source=616fbe19,found,,,,,,,,,,
2026-07-26,Capgemini,Software Engineer,https://www.adzuna.in/details/5816436564?utm_medium=api&utm_source=616fbe19,found,,,,,,,,,,
2026-07-26,SolarEdge,Embedded Software Engineer,https://www.adzuna.in/details/5816569761?utm_medium=api&utm_source=616fbe19,found,,,,,,,,,,
2026-07-27,Scout Incorporation,Backend Software Engineer,https://www.adzuna.in/details/5816994884?utm_medium=api&utm_source=616fbe19,found,,,,,,,,,,
2026-07-27,Jobgether,Software Engineer (SRE),https://www.adzuna.in/details/5816843411?utm_medium=api&utm_source=616fbe19,found,,,,,,,,,,
2026-07-27,Cisco Systems,Software Engineer,https://www.adzuna.in/details/5816842563?utm_medium=api&utm_source=616fbe19,found,,,,,,,,,,
2026-07-27,Jobgether,Software Engineer (Java and AWS),https://www.adzuna.in/details/5816842462?utm_medium=api&utm_source=616fbe19,found,,,,,,,,,,
2026-07-27,Natwest Group,"Software Engineer, AVP",https://www.adzuna.in/details/5816841896?utm_medium=api&utm_source=616fbe19,found,,,,,,,,,,
2026-07-27,Honeywell,IT Engineer I,https://www.adzuna.in/details/5817161584?utm_medium=api&utm_source=616fbe19,found,,,,,,,,,,
2026-07-27,Amazon,"Software Development Engineer -1, IESP Merchant Tech",https://www.adzuna.in/details/5817150474?utm_medium=api&utm_source=616fbe19,found,,,,,,,,,,
2026-07-27,StudyECart Technologies Pvt Ltd,Finastra Hiring Associate Software Engineer | Freshers | Pune | Apply Now,https://www.adzuna.in/details/5817333143?utm_medium=api&utm_source=616fbe19,found,,,,,,,,,,
2026-07-27,PANI,Software Engineer,https://www.adzuna.in/details/5817333129?utm_medium=api&utm_source=616fbe19,found,,,,,,,,,,
2026-07-27,Salesforce,Software Engineer SMTS,https://salesforce.wd12.myworkdayjobs.com/en-US/External_Career_Site/job/India---Hyderabad/Software-Engineer-SMTS_JR338173,found,,,,,,,,,,
2026-07-27,hackajob,Software Engineer,https://www.adzuna.in/details/5817493514?utm_medium=api&utm_source=616fbe19,found,,,,,,,,,,
2026-07-28,Arista Networks,Software Engineer- SONiC,https://www.adzuna.in/details/5817921251?utm_medium=api&utm_source=616fbe19,found,,,,,,,,,,
2026-07-28,Arista Networks,Software Engineer AI/ML,https://www.adzuna.in/details/5817921266?utm_medium=api&utm_source=616fbe19,found,,,,,,,,,,
2026-07-28,Arista Networks,Software Engineer - Orchestrator,https://www.adzuna.in/details/5817921195?utm_medium=api&utm_source=616fbe19,found,,,,,,,,,,
2026-07-28,Arista Networks,Software Engineer (Routing Protocols),https://www.adzuna.in/details/5817921247?utm_medium=api&utm_source=616fbe19,found,,,,,,,,,,
2026-07-28,Postman,Software Engineer,https://job-boards.greenhouse.io/postman/jobs/7818501003,found,,,,,,,,,,
2026-07-28,ADCI HYD 13 SEZ,"Quality Assurance Engineer I, ShipTech QA",https://www.adzuna.in/details/5818254380?utm_medium=api&utm_source=616fbe19,found,,,,,,,,,,
2026-07-28,hackajob,Software Engineer,https://www.adzuna.in/details/5818252245?utm_medium=api&utm_source=616fbe19,found,,,,,,,,,,
2026-07-28,StudyECart Technologies Pvt Ltd,Software Engineer Job in Noida at UKG | Apply Now,https://www.adzuna.in/details/5818252187?utm_medium=api&utm_source=616fbe19,found,,,,,,,,,,
2026-07-28,NetApp,Software Engineer,https://www.adzuna.in/details/5818252184?utm_medium=api&utm_source=616fbe19,found,,,,,,,,,,
2026-07-28,Vinterraai,Backend Software Engineer,https://www.adzuna.in/details/5818241973?utm_medium=api&utm_source=616fbe19,found,,,,,,,,,,
2026-07-28,Accenture,Custom Software Engineer,https://www.adzuna.in/details/5818425862?utm_medium=api&utm_source=616fbe19,found,,,,,,,,,,
2026-07-28,Silicon Laboratories,Associate Engineer - SW Design,https://www.adzuna.in/details/5818420310?utm_medium=api&utm_source=616fbe19,found,,,,,,,,,,
2026-07-29,ABB,Configurator Solution Specialist - Full Stack,https://www.adzuna.in/land/ad/5819192387?se=8uEEIv-K8RGbLL45Ug83Nw&utm_medium=api&utm_source=616fbe19&v=3256D90662C75EA8C93EAA709015A5A64BF6A183,found,,,,,,,,,,
2026-07-29,Qentelli Solutions Private Limited,Software Engineer-Azure Functions - Remote,https://www.adzuna.in/details/5819192082?utm_medium=api&utm_source=616fbe19,found,,,,,,,,,,
2026-07-29,Altium,Software Development Engineer -Backend,https://www.adzuna.in/details/5819146801?utm_medium=api&utm_source=616fbe19,found,,,,,,,,,,
2026-07-29,Scout Incorporation,Backend Software Engineer,https://www.adzuna.in/details/5819142032?utm_medium=api&utm_source=616fbe19,found,,,,,,,,,,
2026-07-29,Scout Incorporation,Software Engineer - Java,https://www.adzuna.in/details/5819142033?utm_medium=api&utm_source=616fbe19,found,,,,,,,,,,
2026-07-29,Anyscale,"Software Engineer, Ray Core",https://jobs.ashbyhq.com/anyscale/8b29c5e5-d56f-4c52-8887-a6a1827cf042,found,,,,,,,,,,
2026-07-29,U.S. Bank,Software Engineer,https://www.adzuna.in/details/5819382796?utm_medium=api&utm_source=616fbe19,found,,,,,,,,,,
2026-07-29,Pegasystems,"Software Engineer, Platform Engineering",https://www.adzuna.in/details/5819381853?utm_medium=api&utm_source=616fbe19,found,,,,,,,,,,
2026-07-29,Samsara,Safety Event Review Specialist - New Grad,https://www.samsara.com/company/careers/roles/8076414?gh_jid=8076414,found,,,,,,,,,,
2026-07-29,ADCI - BLR 14 SEZ,"Software Developer - Platform BSP Engineer, SSG",https://www.adzuna.in/details/5819665463?utm_medium=api&utm_source=616fbe19,found,,,,,,,,,,
2026-07-29,Salesforce,Software Engineering MTS/SMTS (Java + Spark + AI/ML) Bangalore,https://salesforce.wd12.myworkdayjobs.com/en-US/External_Career_Site/job/India---Bangalore/Software-Engineering-LMTS-SMTS--Bigdata-Spark-and-AI-skills----Informatica_JR339998,found,,,,,,,,,,
2026-07-29,Twilio,Software Engineer (L1),https://job-boards.greenhouse.io/twilio/jobs/8026201,found,,,,,,,,,,
2026-07-29,Postman,Software Engineer,https://www.adzuna.in/details/5819929149?utm_medium=api&utm_source=616fbe19,found,,,,,,,,,,
2026-07-29,Grafanalabs,Backend Engineer - Platform - Stacks | Sweden | Remote,https://job-boards.greenhouse.io/grafanalabs/jobs/5999672004,found,,,,,,,,,,
2026-07-29,Cloudflare,"Software Engineer, Cloudflare Network Interconnect",https://boards.greenhouse.io/cloudflare/jobs/8088751?gh_jid=8088751,found,,,,,,,,,,
2026-07-30,Artech Infosystems Private Limited,Custom Software Engineer,https://www.adzuna.in/details/5820585942?utm_medium=api&utm_source=616fbe19,found,,,,,,,,,,
2026-07-30,Episteme Soft,Jr.Embedded Software Engineer,https://www.adzuna.in/details/5820583695?utm_medium=api&utm_source=616fbe19,found,,,,,,,,,,
2026-07-30,Episteme Soft,Embedded Software Engineer,https://www.adzuna.in/details/5820583687?utm_medium=api&utm_source=616fbe19,found,,,,,,,,,,
2026-07-30,Episteme Soft,Embedded Software Engineer ( IOT Applications and Analytics ),https://www.adzuna.in/details/5820583677?utm_medium=api&utm_source=616fbe19,found,,,,,,,,,,
2026-07-30,Episteme Soft,Software Engineer: Linux kernel and Crypto,https://www.adzuna.in/details/5820583678?utm_medium=api&utm_source=616fbe19,found,,,,,,,,,,
2026-07-30,Episteme Soft,Embedded Software Engineer,https://www.adzuna.in/details/5820583684?utm_medium=api&utm_source=616fbe19,found,,,,,,,,,,
2026-07-30,Episteme Soft,Software Engineer: Systems and Architecture,https://www.adzuna.in/details/5820583682?utm_medium=api&utm_source=616fbe19,found,,,,,,,,,,
2026-07-30,Episteme Soft,Software Engineer: Routing,https://www.adzuna.in/details/5820583676?utm_medium=api&utm_source=616fbe19,found,,,,,,,,,,
2026-07-30,Nec Software Solutions,Software Engineer - Instructional Design,https://www.adzuna.in/details/5820583482?utm_medium=api&utm_source=616fbe19,found,,,,,,,,,,
2026-07-30,Eurofins GSC IT DC,Software Engineer (.Net core full stack along with Angular),https://www.adzuna.in/details/5820554548?utm_medium=api&utm_source=616fbe19,found,,,,,,,,,,
2026-07-30,Mattel,EAI Software Engineer,https://www.adzuna.in/details/5820554684?utm_medium=api&utm_source=616fbe19,found,,,,,,,,,,
2026-07-30,Oracle,Full stack Developer,https://www.adzuna.in/details/5820792959?utm_medium=api&utm_source=616fbe19,found,,,,,,,,,,
2026-07-30,Cisco,Software Engineer,https://www.adzuna.in/details/5820791990?utm_medium=api&utm_source=616fbe19,found,,,,,,,,,,
2026-07-30,GSSTech Group,Software Engineer FullStack - (GenAI & LLMs),https://www.adzuna.in/details/5820889383?utm_medium=api&utm_source=616fbe19,found,,,,,,,,,,
2026-07-30,Amazon,Software Development Engineer I FTC,https://www.amazon.jobs/en/jobs/10488045/software-development-engineer-i-ftc,found,,,,,,,,,,
2026-07-30,MTechZilla,Full Stack Software Engineer,https://www.adzuna.in/details/5821120662?utm_medium=api&utm_source=616fbe19,found,,,,,,,,,,
2026-07-30,Cloudflare,Systems Engineer,https://boards.greenhouse.io/cloudflare/jobs/8071056?gh_jid=8071056,found,,,,,,,,,,
2026-07-30,Grafanalabs,Software Engineer - Synthetic Monitoring | Sweden | Remote,https://job-boards.greenhouse.io/grafanalabs/jobs/6130620004,found,,,,,,,,,,
2026-07-30,Aptiv,Software Engineer,https://www.adzuna.in/details/5821326525?utm_medium=api&utm_source=616fbe19,found,,,,,,,,,,
2026-07-30,Jobgether,Software Engineer (Fullstack (Angular),https://www.adzuna.in/details/5821226557?utm_medium=api&utm_source=616fbe19,found,,,,,,,,,,
2026-07-30,Google,"Software Engineer, Cloud",https://www.adzuna.in/details/5821225999?utm_medium=api&utm_source=616fbe19,found,,,,,,,,,,
2026-07-30,Cloudflare,"Systems Engineer, Spectrum",https://boards.greenhouse.io/cloudflare/jobs/8094826?gh_jid=8094826,found,,,,,,,,,,
2026-07-30,Wakacje.pl,Software Engineer GO,https://remoteOK.com/remote-jobs/remote-software-engineer-go-wakacje-pl-1135634,found,,,,,,,,,,
2026-07-30,Twilio,Software Engineer (L2),https://job-boards.greenhouse.io/twilio/jobs/8097672,found,,,,,,,,,,
2026-07-31,Magna International,Cybersecurity Software Engineer,https://www.adzuna.in/details/5821858355?utm_medium=api&utm_source=616fbe19,found,,,,,,,,,,
2026-07-31,amdocs,Software Engineer (Cramer),https://www.adzuna.in/details/5821857171?utm_medium=api&utm_source=616fbe19,found,,,,,,,,,,
2026-07-31,amdocs,Software Engineer,https://www.adzuna.in/details/5821857140?utm_medium=api&utm_source=616fbe19,found,,,,,,,,,,
2026-07-31,"NTT America, Inc.",Business Consulting-Developer Software Engineer,https://www.adzuna.in/details/5822059723?utm_medium=api&utm_source=616fbe19,found,,,,,,,,,,
2026-07-31,NetApp,Software Engineer,https://www.adzuna.in/details/5822059504?utm_medium=api&utm_source=616fbe19,found,,,,,,,,,,
2026-07-31,Kyndryl,Full Stack Developer,https://www.adzuna.in/details/5822059357?utm_medium=api&utm_source=616fbe19,found,,,,,,,,,,
2026-07-31,ADCI - Karnataka,"Amazon Fulfilment Tech - Software Development Engineer, AFT Inventory",https://www.adzuna.in/details/5822289214?utm_medium=api&utm_source=616fbe19,found,,,,,,,,,,
2026-07-31,ADCI HYD 13 SEZ,Software Development Engineer I FTC,https://www.adzuna.in/details/5822285320?utm_medium=api&utm_source=616fbe19,found,,,,,,,,,,
2026-07-31,ADSIPL - Karnataka,"Data Engineer I, Data Engineer I",https://www.adzuna.in/details/5822285314?utm_medium=api&utm_source=616fbe19,found,,,,,,,,,,
2026-07-31,Mastercard,Software engineer,https://mastercard.wd1.myworkdayjobs.com/en-US/CorporateCareers/job/Pune-India/Software-engineer_R-281108,found,,,,,,,,,,
2026-07-31,Microsoft,Software Engineer,https://apply.careers.microsoft.com/careers/job/1970393556633063,found,,,,,,,,,,
2026-07-31,Check Point Software Technologies,Customer-Focused Software Engineer,https://www.adzuna.in/details/5822377375?utm_medium=api&utm_source=616fbe19,found,,,,,,,,,,
2026-07-31,Mastercard,Software engineer (DevSecOps),https://mastercard.wd1.myworkdayjobs.com/en-US/CorporateCareers/job/Pune-India/Software-engineer--DevSecOps-_R-282027,found,,,,,,,,,,
2026-07-31,Natwest Group,"Software Engineer, VP",https://www.adzuna.in/details/5822439083?utm_medium=api&utm_source=616fbe19,found,,,,,,,,,,
2026-07-31,Magnit,Software Engineer,https://www.adzuna.in/details/5822436875?utm_medium=api&utm_source=616fbe19,found,,,,,,,,,,
2026-07-31,Natwest Group,UX Software Engineer,https://www.adzuna.in/details/5822436724?utm_medium=api&utm_source=616fbe19,found,,,,,,,,,,
2026-08-01,Wells Fargo,Software Engineer,https://www.adzuna.in/details/5823370184?utm_medium=api&utm_source=616fbe19,found,,,,,,,,,,
2026-08-01,IBM,Software Engineer - Confluent,https://www.adzuna.in/details/5823366389?utm_medium=api&utm_source=616fbe19,found,,,,,,,,,,
2026-08-01,ADCI - Karnataka,"Software Development Engineer (Prime Video), Sports Immersive Experience",https://www.adzuna.in/details/5823813113?utm_medium=api&utm_source=616fbe19,found,,,,,,,,,,
2026-08-01,ADCI - Karnataka,"Software Development Engineer, WWOSTech",https://www.adzuna.in/details/5823813118?utm_medium=api&utm_source=616fbe19,found,,,,,,,,,,
2026-08-01,Tarlan,Software Engineer,https://www.adzuna.in/details/5823794411?utm_medium=api&utm_source=616fbe19,found,,,,,,,,,,
2026-08-01,CloudBees,Software Engineer - Java,https://www.adzuna.in/details/5824249761?utm_medium=api&utm_source=616fbe19,found,,,,,,,,,,
2026-08-01,Netomi,SDE I (FullStack),https://www.adzuna.in/details/5824135172?utm_medium=api&utm_source=616fbe19,found,,,,,,,,,,
2026-08-01,Weir,Software Engineer - Full Stack,https://www.adzuna.in/details/5824134798?utm_medium=api&utm_source=616fbe19,found,,,,,,,,,,
2026-08-01,NTT,Associate Engineer - AI services,https://www.adzuna.in/details/5824134013?utm_medium=api&utm_source=616fbe19,found,,,,,,,,,,
2026-08-02,Scout Incorporation,Software Engineer - Java,https://www.adzuna.in/details/5824968112?utm_medium=api&utm_source=616fbe19,found,,,,,,,,,,
2026-08-02,UnitedHealth Group,"Software Engineer - React JS, Node.Js, SQL, API Mngt",https://www.adzuna.in/details/5825362944?utm_medium=api&utm_source=616fbe19,found,,,,,,,,,,
2026-08-02,Nike,"Software Engineer I, ITC",https://www.adzuna.in/details/5825362243?utm_medium=api&utm_source=616fbe19,found,,,,,,,,,,
2026-08-02,Nike,"Data Engineer I, ITC",https://www.adzuna.in/details/5825362226?utm_medium=api&utm_source=616fbe19,found,,,,,,,,,,
2026-08-02,NetApp,Software Engineer,https://www.adzuna.in/details/5825362225?utm_medium=api&utm_source=616fbe19,found,,,,,,,,,,
2026-08-02,Microsoft Corporation,Software Engineer,https://www.adzuna.in/details/5825362178?utm_medium=api&utm_source=616fbe19,found,,,,,,,,,,
2026-08-02,Wells Fargo Bank,Software Engineer - Java full stack engineer,https://www.adzuna.in/details/5825772849?utm_medium=api&utm_source=616fbe19,found,,,,,,,,,,
2026-08-02,Hyderabad Office,Associate Software Engineer (Direct Contract),https://www.adzuna.in/details/5825771308?utm_medium=api&utm_source=616fbe19,found,,,,,,,,,,
2026-08-03,Scout Incorporation,Software Engineer - Java,https://www.adzuna.in/details/5826246965?utm_medium=api&utm_source=616fbe19,found,,,,,,,,,,
2026-08-03,Scout Incorporation,Backend Engineer,https://www.adzuna.in/details/5826247008?utm_medium=api&utm_source=616fbe19,found,,,,,,,,,,
2026-08-03,Wells Fargo,Software Engineer - Java full stack engineer,https://www.adzuna.in/details/5826344411?utm_medium=api&utm_source=616fbe19,found,,,,,,,,,,
2026-08-03,Mastercard,Software engineer (DevSecOps),https://www.adzuna.in/details/5826344291?utm_medium=api&utm_source=616fbe19,found,,,,,,,,,,
2026-08-03,Mastercard,Software engineer,https://www.adzuna.in/details/5826344278?utm_medium=api&utm_source=616fbe19,found,,,,,,,,,,
2026-08-03,Eaton Corporation,Associate Engineer - cloud,https://www.adzuna.in/details/5826343966?utm_medium=api&utm_source=616fbe19,found,,,,,,,,,,
2026-08-03,Microsoft,Software Engineer,https://apply.careers.microsoft.com/careers/job/1970393556955107,found,,,,,,,,,,
2026-08-03,U.S. Bank,Software Engineer - Python,https://www.adzuna.in/details/5826508208?utm_medium=api&utm_source=616fbe19,found,,,,,,,,,,
2026-08-03,Microsoft,Software Engineer,https://apply.careers.microsoft.com/careers/job/1970393556955128,found,,,,,,,,,,
2026-08-03,XenAI Tech,"Software Developer (Web, Mobile, Python, React & Full Stack)",https://www.adzuna.in/details/5826713386?utm_medium=api&utm_source=616fbe19,found,,,,,,,,,,
2026-08-03,U.S. Bank,Software Engineer - Java Full Stack,https://www.adzuna.in/details/5826673616?utm_medium=api&utm_source=616fbe19,found,,,,,,,,,,
2026-08-03,Salesforce,Software Engineering AMTS,https://www.adzuna.in/details/5826671897?utm_medium=api&utm_source=616fbe19,found,,,,,,,,,,
2026-08-03,Bosch,Controls Systems Engineer - MBD : E-Machine Control - automotive domain.,https://jobs.smartrecruiters.com/BoschGroup/744000141327698,found,,,,,,,,,,
2026-08-04,ascendion,Java Fullstack Engineer,https://www.adzuna.in/details/5827232440?utm_medium=api&utm_source=616fbe19,found,,,,,,,,,,
2026-08-04,ascendion,.NET Fullstack Engineer,https://www.adzuna.in/details/5827232409?utm_medium=api&utm_source=616fbe19,found,,,,,,,,,,
2026-08-04,remote zest jobs,Experienced Software Engineer in IT reputed company AI and Omnichannel,https://www.adzuna.in/details/5827200373?utm_medium=api&utm_source=616fbe19,found,,,,,,,,,,
2026-08-04,Marriott Tech Accelerator,Software Engineer - IHC172B,https://www.adzuna.in/details/5827440338?utm_medium=api&utm_source=616fbe19,found,,,,,,,,,,
2026-08-04,Bosch Group,C / C++ Communication Gateway - Software Engineer,https://www.adzuna.in/details/5827476832?utm_medium=api&utm_source=616fbe19,found,,,,,,,,,,
2026-08-04,Bharat Intelligence,Software Development Engineer (SDE),https://www.adzuna.in/details/5827794220?utm_medium=api&utm_source=616fbe19,found,,,,,,,,,,
2026-08-04,AION,"Software Engineer, General",https://www.adzuna.in/details/5828057303?utm_medium=api&utm_source=616fbe19,found,,,,,,,,,,
2026-08-04,Barclays,Java Full Stack Engineer,https://www.adzuna.in/details/5827928674?utm_medium=api&utm_source=616fbe19,found,,,,,,,,,,
2026-08-04,Konecranes,Graduate Engineer Trainee - Mechanical,https://www.adzuna.in/details/5828152229?utm_medium=api&utm_source=616fbe19,found,,,,,,,,,,
2026-08-04,Twilio,Software Engineer (L2) Email,https://job-boards.greenhouse.io/twilio/jobs/8026207,found,,,,,,,,,,
2026-08-05,ascendion,Java Fullstack Engineer,https://www.adzuna.in/details/5828611049?utm_medium=api&utm_source=616fbe19,found,,,,,,,,,,
2026-08-05,Vmware,IT Software Engineer,https://www.adzuna.in/details/5828607710?utm_medium=api&utm_source=616fbe19,found,,,,,,,,,,
2026-08-05,Scout Incorporation,Backend Engineer,https://www.adzuna.in/details/5828584602?utm_medium=api&utm_source=616fbe19,found,,,,,,,,,,
2026-08-05,Scout Incorporation,Software Engineer - Java,https://www.adzuna.in/details/5828584547?utm_medium=api&utm_source=616fbe19,found,,,,,,,,,,
2026-08-05,Stripe,"Software Engineer, Vulnerability Management",https://stripe.com/jobs/search?gh_jid=8089353,found,,,,,,,,,,
2026-08-05,ADCI - Karnataka,"Software Development Engineer, Amazon Pharmacy, Amazon Phamarcy",https://www.adzuna.in/details/5828959268?utm_medium=api&utm_source=616fbe19,found,,,,,,,,,,
2026-08-05,Amazon,"Software Development Engineer I, Amazon Payments",https://www.adzuna.in/details/5828958849?utm_medium=api&utm_source=616fbe19,found,,,,,,,,,,
2026-08-05,ADCI - Karnataka,"Software Development Engineer, Ads Campaign Management",https://www.adzuna.in/details/5828957070?utm_medium=api&utm_source=616fbe19,found,,,,,,,,,,
2026-08-05,ADCI - Karnataka,"Software Development Engineer , Amazon Lending",https://www.adzuna.in/details/5828957060?utm_medium=api&utm_source=616fbe19,found,,,,,,,,,,
2026-08-05,ADCI - Karnataka,"Software Development Engineer, Customer Experience and Business Trends",https://www.adzuna.in/details/5828957053?utm_medium=api&utm_source=616fbe19,found,,,,,,,,,,
2026-08-05,Happiest Resume,Embedded Software Engineer,https://www.adzuna.in/details/5828880358?utm_medium=api&utm_source=616fbe19,found,,,,,,,,,,
2026-08-05,Showtime Consulting,Databricks Application Engineer,https://www.adzuna.in/details/5829349852?utm_medium=api&utm_source=616fbe19,found,,,,,,,,,,
2026-08-05,Accenture,Custom Software Engineer,https://www.adzuna.in/details/5829209431?utm_medium=api&utm_source=616fbe19,found,,,,,,,,,,
2026-08-05,Amgen,Specialist Software Engineer,https://www.adzuna.in/details/5829206909?utm_medium=api&utm_source=616fbe19,found,,,,,,,,,,
2026-08-05,Avaloq,Software Engineer – Digital Banking Configuration (IN),https://www.adzuna.in/details/5829391094?utm_medium=api&utm_source=616fbe19,found,,,,,,,,,,
2026-08-05,Smiths Detection,Software Engineer,https://www.adzuna.in/details/5829390926?utm_medium=api&utm_source=616fbe19,found,,,,,,,,,,
2026-08-06,Tower Research Capital,Software Engineer I,https://www.adzuna.in/details/5829887460?utm_medium=api&utm_source=616fbe19,found,,,,,,,,,,
2026-08-06,Tower Research Capital,Software Engineer,https://www.adzuna.in/details/5829887461?utm_medium=api&utm_source=616fbe19,found,,,,,,,,,,
2026-08-06,Tower Research Capital,Software Reliability Engineer I,https://www.adzuna.in/details/5829887455?utm_medium=api&utm_source=616fbe19,found,,,,,,,,,,
2026-08-06,ONIT,Software Engineer - ROR,https://www.adzuna.in/details/5829887334?utm_medium=api&utm_source=616fbe19,found,,,,,,,,,,
2026-08-06,Scout Incorporation,Software Engineer - Java,https://www.adzuna.in/details/5829857576?utm_medium=api&utm_source=616fbe19,found,,,,,,,,,,
2026-08-06,Scout Incorporation,Software Engineer - Java,https://www.adzuna.in/details/5829857593?utm_medium=api&utm_source=616fbe19,found,,,,,,,,,,
2026-08-06,BU Consultants,Software Engineer-I,https://www.adzuna.in/details/5829857510?utm_medium=api&utm_source=616fbe19,found,,,,,,,,,,
2026-08-06,Vynexa,Software Engineer,https://www.adzuna.in/details/5829763383?utm_medium=api&utm_source=616fbe19,found,,,,,,,,,,
2026-08-06,UnitedHealth Group,"Software Engineer - Java Full Stack, Angular, Kafka, CI/CD",https://www.adzuna.in/details/5830105106?utm_medium=api&utm_source=616fbe19,found,,,,,,,,,,
2026-08-06,Microsoft Corporation,Software Engineer,https://www.adzuna.in/details/5830103895?utm_medium=api&utm_source=616fbe19,found,,,,,,,,,,
2026-08-06,Microsoft Corporation,Software Engineer,https://www.adzuna.in/details/5830103875?utm_medium=api&utm_source=616fbe19,found,,,,,,,,,,
2026-08-06,Axio Digital Pvt Ltd,"Software Dev Engineer I, EMXO- Payments",https://www.adzuna.in/details/5830319086?utm_medium=api&utm_source=616fbe19,found,,,,,,,,,,
2026-08-06,Staffnixcom,"Software Engineer (C#, .NET / Industrial Automation",https://www.adzuna.in/details/5830318603?utm_medium=api&utm_source=616fbe19,found,,,,,,,,,,
2026-08-07,Trigent Software Private Limited,Custom Software Engineer - Microsoft Azure PaaS,https://www.adzuna.in/details/5830840628?utm_medium=api&utm_source=616fbe19,found,,,,,,,,,,
2026-08-07,RELQ TECHNOLOGIES LLC,Java Full Stack Developer – India Remote,https://www.adzuna.in/details/5830840571?utm_medium=api&utm_source=616fbe19,found,,,,,,,,,,
2026-08-07,Harman Becker Automotive Systems Manufacturing Kft,Software Engineer - C++ Middleware,https://www.adzuna.in/details/5830641862?utm_medium=api&utm_source=616fbe19,found,,,,,,,,,,
2026-08-07,KONE,Full Stack Developer,https://www.adzuna.in/details/5830641578?utm_medium=api&utm_source=616fbe19,found,,,,,,,,,,
2026-08-07,Natwest Group,"Software Engineer, AVP",https://www.adzuna.in/details/5830641361?utm_medium=api&utm_source=616fbe19,found,,,,,,,,,,
2026-08-07,Cigna Group,Software Engineering Associate Advisor - HIH - Evernorth,https://www.adzuna.in/details/5830641204?utm_medium=api&utm_source=616fbe19,found,,,,,,,,,,
2026-08-07,Jobgether,"Full Stack Engineer, MDS Treasury & Asset Management",https://www.adzuna.in/details/5830640915?utm_medium=api&utm_source=616fbe19,found,,,,,,,,,,
2026-08-07,DP World,Performance Engineer I,https://www.adzuna.in/details/5830640210?utm_medium=api&utm_source=616fbe19,found,,,,,,,,,,
2026-08-07,NICE,"Software Engineer, CX",https://www.adzuna.in/details/5830638237?utm_medium=api&utm_source=616fbe19,found,,,,,,,,,,
2026-08-07,DigiCert,Software Engineer - Fullstack,https://www.adzuna.in/details/5830636860?utm_medium=api&utm_source=616fbe19,found,,,,,,,,,,
2026-08-07,Cloudflare,"Software Engineer, Network Firewall",https://boards.greenhouse.io/cloudflare/jobs/8106815?gh_jid=8106815,found,,,,,,,,,,
2026-08-07,Cargill,Software Engineer,https://www.adzuna.in/details/5831608485?utm_medium=api&utm_source=616fbe19,found,,,,,,,,,,
2026-08-07,Pitney Bowes,Advisory Quality Assurance Software Engineer,https://www.adzuna.in/details/5831607925?utm_medium=api&utm_source=616fbe19,found,,,,,,,,,,
2026-08-07,Cisco,Software Engineer - Forward Deployment,https://www.adzuna.in/details/5831601062?utm_medium=api&utm_source=616fbe19,found,,,,,,,,,,
2026-08-07,Cisco,Software Engineer - Forward Deployment,https://www.adzuna.in/details/5831601032?utm_medium=api&utm_source=616fbe19,found,,,,,,,,,,
2026-08-07,Optum India,Software Engineer - Python Developer Chennai,https://www.adzuna.in/details/5831869895?utm_medium=api&utm_source=616fbe19,found,,,,,,,,,,
2026-08-07,ADCI - BLR 14 SEZ,"Software Development Engineer, RBS Tech",https://www.adzuna.in/details/5831867264?utm_medium=api&utm_source=616fbe19,found,,,,,,,,,,
2026-08-07,Cutshort Lightning,Fullstack Software Engineer: L4,https://www.adzuna.in/details/5831849445?utm_medium=api&utm_source=616fbe19,found,,,,,,,,,,
2026-08-07,Accenture,Custom Software Engineer,https://www.adzuna.in/details/5832108268?utm_medium=api&utm_source=616fbe19,found,,,,,,,,,,
2026-08-07,Cisco,Technical Systems Engineer,https://www.adzuna.in/details/5832106369?utm_medium=api&utm_source=616fbe19,found,,,,,,,,,,
2026-08-07,Ford Motor,MCP Software Engineer,https://www.adzuna.in/details/5832104920?utm_medium=api&utm_source=616fbe19,found,,,,,,,,,,
2026-08-07,Applied Materials,Python Full Stack Developer,https://www.adzuna.in/details/5832102798?utm_medium=api&utm_source=616fbe19,found,,,,,,,,,,
2026-08-07,Amadeus,Software Development Engineer 4,https://www.adzuna.in/details/5832098367?utm_medium=api&utm_source=616fbe19,found,,,,,,,,,,
2026-08-07,Microchip,Software Engineer,https://www.adzuna.in/details/5832095083?utm_medium=api&utm_source=616fbe19,found,,,,,,,,,,
2026-08-07,BP,Software Engineer,https://www.adzuna.in/details/5832092427?utm_medium=api&utm_source=616fbe19,found,,,,,,,,,,
2026-08-07,Trigent Software Private Limited,Software Engineering - Custom Software Engineer,https://www.adzuna.in/details/5832275125?utm_medium=api&utm_source=616fbe19,found,,,,,,,,,,
2026-08-08,Dozee,Software Engineer 1 (Android Developer),https://www.adzuna.in/details/5832801213?utm_medium=api&utm_source=616fbe19,found,,,,,,,,,,
2026-08-08,Ford,Software Engineer,https://www.adzuna.in/details/5832799211?utm_medium=api&utm_source=616fbe19,found,,,,,,,,,,
2026-08-08,Ford,Software Engineer (FullStack-JavaReact),https://www.adzuna.in/details/5832799190?utm_medium=api&utm_source=616fbe19,found,,,,,,,,,,
2026-08-08,Coditas Technologies,Full Stack .Net Developer,https://www.adzuna.in/details/5832798230?utm_medium=api&utm_source=616fbe19,found,,,,,,,,,,
2026-08-08,Coditas Technologies,Dot NET Full stack developer,https://www.adzuna.in/details/5832798234?utm_medium=api&utm_source=616fbe19,found,,,,,,,,,,
2026-08-08,Ather Energy,Software Development Engineer in Test - I,https://www.adzuna.in/details/5832796604?utm_medium=api&utm_source=616fbe19,found,,,,,,,,,,
2026-08-08,ADCI - Karnataka,"Software Development Engineer, AWS Compliance & Security Assurance, Denied Party Screening, Denied Party Screening",https://www.adzuna.in/details/5833342225?utm_medium=api&utm_source=616fbe19,found,,,,,,,,,,
2026-08-08,ADCI - Uttar Pradesh,"Software Development Engineer, DaS FinTech",https://www.adzuna.in/details/5833342215?utm_medium=api&utm_source=616fbe19,found,,,,,,,,,,
2026-08-08,Zebra Technologies,Application Engineer,https://www.adzuna.in/details/5833033204?utm_medium=api&utm_source=616fbe19,found,,,,,,,,,,
2026-08-08,ThermoFisher Scientific,"Engineer I , Software",https://www.adzuna.in/details/5833032554?utm_medium=api&utm_source=616fbe19,found,,,,,,,,,,
2026-08-08,"NTT America, Inc.",Back End Software Developer,https://www.adzuna.in/details/5833030275?utm_medium=api&utm_source=616fbe19,found,,,,,,,,,,
2026-08-08,NetApp,Software Engineer,https://www.adzuna.in/details/5833029354?utm_medium=api&utm_source=616fbe19,found,,,,,,,,,,
2026-08-08,Red Hat,Software Engineer,https://www.adzuna.in/details/5833605894?utm_medium=api&utm_source=616fbe19,found,,,,,,,,,,
2026-08-08,SafeSend Technologies,Associate Software Engineer,https://www.adzuna.in/details/5833604678?utm_medium=api&utm_source=616fbe19,found,,,,,,,,,,
2026-08-08,Trigent Software Private Limited,Custom Software Engineer - Pyspark,https://www.adzuna.in/details/5833788409?utm_medium=api&utm_source=616fbe19,found,,,,,,,,,,
2026-08-09,Kefilo,"Full-stack app developer (Part-time, Equity only)",https://www.adzuna.in/details/5834189053?utm_medium=api&utm_source=616fbe19,found,,,,,,,,,,
2026-08-09,PD Consulting,"Full-stack app developer (Part-time, Equity only)",https://www.adzuna.in/details/5834188904?utm_medium=api&utm_source=616fbe19,found,,,,,,,,,,
2026-08-09,NetApp,"Software Engineer (C, C++)",https://www.adzuna.in/land/ad/5833711736?se=BPx2CJqT8RGlDuOngCclFw&utm_medium=api&utm_source=616fbe19&v=9D83B5EAC009BF2EDA4E238836012FADE33EF955,found,,,,,,,,,,
2026-08-09,NetApp,"Software Engineer (C, C++)",https://www.adzuna.in/land/ad/5833711736?se=fJmqtrGT8RGsjdsjHY2ocA&utm_medium=api&utm_source=616fbe19&v=9D83B5EAC009BF2EDA4E238836012FADE33EF955,found,,,,,,,,,,
2026-08-09,AVEVA,Software Development Engineer,https://www.adzuna.in/details/5834388076?utm_medium=api&utm_source=616fbe19,found,,,,,,,,,,
2026-08-09,Microsoft Corporation,Software Engineer,https://www.adzuna.in/details/5834385637?utm_medium=api&utm_source=616fbe19,found,,,,,,,,,,
2026-08-09,Ford Motor Company,MCP Software Engineer,https://www.adzuna.in/details/5834378190?utm_medium=api&utm_source=616fbe19,found,,,,,,,,,,
2026-08-09,Emerson,Software Engineer Trainee,https://www.adzuna.in/details/5834377748?utm_medium=api&utm_source=616fbe19,found,,,,,,,,,,
2026-08-09,The Coca-Cola Company,"Full Stack Engineer, INSWA",https://www.adzuna.in/details/5834375888?utm_medium=api&utm_source=616fbe19,found,,,,,,,,,,
2026-08-09,TalentXO,"Software Engineer (C#, .NET / Industrial Automation)",https://www.adzuna.in/land/ad/5834649707?se=-qtDaPST8RGWPoJqQXFPnw&utm_medium=api&utm_source=616fbe19&v=B48F200879EC4128576F44F55CA778A230740060,found,,,,,,,,,,
2026-08-09,AGDATA LP,Specialist Software Engineer,https://www.adzuna.in/details/5834779600?utm_medium=api&utm_source=616fbe19,found,,,,,,,,,,
2026-08-09,Accenture,Custom Software Engineer,https://www.adzuna.in/details/5834771893?utm_medium=api&utm_source=616fbe19,found,,,,,,,,,,
2026-08-09,Amgen,Specialist Software Engineer,https://www.adzuna.in/details/5834765382?utm_medium=api&utm_source=616fbe19,found,,,,,,,,,,
2026-08-10,Zscaler,Software Development Engineer (Jira Data Center),https://www.adzuna.in/details/5835321227?utm_medium=api&utm_source=616fbe19,found,,,,,,,,,,
2026-08-10,Red Hat,Software Engineer,https://www.adzuna.in/details/5835315415?utm_medium=api&utm_source=616fbe19,found,,,,,,,,,,
2026-08-10,Cisco,Software Engineer - Java/Go | Distributed Systems | Microservices | Kafka | Cloud | 4-8 Years,https://www.adzuna.in/details/5835312150?utm_medium=api&utm_source=616fbe19,found,,,,,,,,,,
2026-08-10,Applied Materials,Software Development Engineer in Test (SDET) - Java,https://www.adzuna.in/details/5835311325?utm_medium=api&utm_source=616fbe19,found,,,,,,,,,,
2026-08-10,Amazon,"Software Development Engineer, DaS FinTech",https://www.adzuna.in/details/5835310897?utm_medium=api&utm_source=616fbe19,found,,,,,,,,,,
2026-08-10,Amazon,"Software Development Engineer, Vendor Experience",https://www.adzuna.in/details/5835310855?utm_medium=api&utm_source=616fbe19,found,,,,,,,,,,
2026-08-10,Amazon,"Software Development Engineer, AWS Compliance & Security Assurance, Denied Party Screening",https://www.adzuna.in/details/5835310870?utm_medium=api&utm_source=616fbe19,found,,,,,,,,,,
2026-08-10,Amazon,"System Development Engineer I, FBA",https://www.adzuna.in/details/5835310860?utm_medium=api&utm_source=616fbe19,found,,,,,,,,,,
2026-08-10,Hyland,Software Engineer (C++ & AI),https://www.adzuna.in/details/5835289612?utm_medium=api&utm_source=616fbe19,found,,,,,,,,,,
2026-08-10,NetApp,"Software Engineer (C, C++)",https://www.adzuna.in/land/ad/5835260796?se=TicxgH6U8RGlDuOngCclFw&utm_medium=api&utm_source=616fbe19&v=452889031685BB91246D3542A074781BA78F158D,found,,,,,,,,,,
2026-08-10,NetApp,"Software Engineer (C, C++)",https://www.adzuna.in/land/ad/5835260796?se=Tl3Mh6CU8RGlDuOngCclFw&utm_medium=api&utm_source=616fbe19&v=452889031685BB91246D3542A074781BA78F158D,found,,,,,,,,,,
2026-08-10,ADCI HYD 13 SEZ,"Software Development Engineer , Ordering",https://www.adzuna.in/details/5835486342?utm_medium=api&utm_source=616fbe19,found,,,,,,,,,,
2026-08-10,eBay,MTS 1 - Mobile Security Engineer,https://www.adzuna.in/details/5835481513?utm_medium=api&utm_source=616fbe19,found,,,,,,,,,,
2026-08-10,Mastercard,Site Reliability Engineer I,https://mastercard.wd1.myworkdayjobs.com/en-US/CorporateCareers/job/Pune-India/Site-Reliability-Engineer-I_R-286909-1,found,,,,,,,,,,
2026-08-10,ValueMomentum,Software Engineer,https://www.adzuna.in/details/5835790380?utm_medium=api&utm_source=616fbe19,found,,,,,,,,,,
2026-08-10,State Street,Java Full Stack Development - Assistant Vice President,https://www.adzuna.in/details/5835790210?utm_medium=api&utm_source=616fbe19,found,,,,,,,,,,
2026-08-10,Accenture,Custom Software Engineer,https://www.adzuna.in/details/5835758185?utm_medium=api&utm_source=616fbe19,found,,,,,,,,,,
2026-08-10,Broadcom,R & D Software Engineer,https://www.adzuna.in/details/5835746756?utm_medium=api&utm_source=616fbe19,found,,,,,,,,,,
2026-08-10,Motorola Solutions,Full Stack Angular/NodeJS Developer,https://www.adzuna.in/details/5835742590?utm_medium=api&utm_source=616fbe19,found,,,,,,,,,,
2026-08-10,Cisco,Software Engineer – Java/Go | Distributed Systems | Microservices | Kafka | Cloud | 4–8 Years,https://www.adzuna.in/details/5835742208?utm_medium=api&utm_source=616fbe19,found,,,,,,,,,,
2026-08-10,MillerKnoll,Manhattan Active Omni Software Engineer - Retail,https://www.adzuna.in/details/5835741038?utm_medium=api&utm_source=616fbe19,found,,,,,,,,,,
2026-08-10,Amazon,Software Development Engineer 1,https://www.amazon.jobs/en/jobs/10497045/software-development-engineer-1,found,,,,,,,,,,
2026-08-10,Trigent Software Private Limited,Custom Software Engineer - API Testing,https://www.adzuna.in/details/5835865564?utm_medium=api&utm_source=616fbe19,found,,,,,,,,,,
2026-08-10,Observeai,Software Engineer I - AI Agents,https://www.observe.ai/position?gh_jid=5383979008,found,,,,,,,,,,
2026-08-11,MicroStrategy India,"Software Engineer (Java, React)",https://www.adzuna.in/details/5836259344?utm_medium=api&utm_source=616fbe19,found,,,,,,,,,,
2026-08-11,Growloc Private Limited,Software Development Engineer,https://www.adzuna.in/details/5836227940?utm_medium=api&utm_source=616fbe19,found,,,,,,,,,,
2026-08-11,Amgen,Specialist Software Engineer,https://www.adzuna.in/details/5836398082?utm_medium=api&utm_source=616fbe19,found,,,,,,,,,,
2026-08-11,Microsoft,Software Engineer,https://apply.careers.microsoft.com/careers/job/1970393556957890,found,,,,,,,,,,
2026-08-11,Momentum Financial Services Group,Full Stack Developer,https://www.adzuna.in/details/5836583681?utm_medium=api&utm_source=616fbe19,found,,,,,,,,,,
2026-08-11,Gitlab,Intermediate Backend Engineer,https://job-boards.greenhouse.io/gitlab/jobs/8686962002,found,,,,,,,,,,
2026-08-11,Cisco,Software Engineer,https://www.adzuna.in/details/5836878067?utm_medium=api&utm_source=616fbe19,found,,,,,,,,,,
2026-08-11,Microsoft,Software Engineer,https://www.adzuna.in/details/5836873148?utm_medium=api&utm_source=616fbe19,found,,,,,,,,,,
2026-08-11,Omnissa,Software Engineer (Platform/Backend) - ClickHouse,https://www.adzuna.in/details/5836853212?utm_medium=api&utm_source=616fbe19,found,,,,,,,,,,
2026-08-11,Wells Fargo Bank,Software Engineer,https://www.adzuna.in/details/5836852328?utm_medium=api&utm_source=616fbe19,found,,,,,,,,,,
2026-08-11,U.S. Bank,Software Engineer,https://www.adzuna.in/details/5836852182?utm_medium=api&utm_source=616fbe19,found,,,,,,,,,,
2026-08-11,Kyndryl,Software Developer - AI,https://www.adzuna.in/land/ad/5837139101?se=DjqKNsiV8RGwIbMnLvoVfw&utm_medium=api&utm_source=616fbe19&v=61F3A9F15FEE752B93A2E1BD1C355743A71CB86F,found,,,,,,,,,,
2026-08-11,Kyndryl,Full Stack Developer,https://www.adzuna.in/land/ad/5837138672?se=DjqKNsiV8RGwIbMnLvoVfw&utm_medium=api&utm_source=616fbe19&v=1109FD93A5F57659EB8611BB3B482244D00E18AA,found,,,,,,,,,,
2026-08-11,Trigent Software Private Limited,Software Engineering - Full Stack Engineer,https://www.adzuna.in/details/5837109770?utm_medium=api&utm_source=616fbe19,found,,,,,,,,,,
2026-08-11,Trigent Software Private Limited,Custom Software Engineer - Performance Testing Strategy,https://www.adzuna.in/details/5837109785?utm_medium=api&utm_source=616fbe19,found,,,,,,,,,,
2026-08-11,Trigent Software Private Limited,Custom Software Engineer - Snowflake Data Warehouse,https://www.adzuna.in/details/5837109801?utm_medium=api&utm_source=616fbe19,found,,,,,,,,,,
2026-08-12,Mattel,Software Engineer Data Analytics,https://www.adzuna.in/details/5837583689?utm_medium=api&utm_source=616fbe19,found,,,,,,,,,,
2026-08-12,TestHiring,Require a Full stack software engineer in Bangalore,https://www.adzuna.in/details/5837548646?utm_medium=api&utm_source=616fbe19,found,,,,,,,,,,
2026-08-12,Scout Incorporation,Software Engineer - Java,https://www.adzuna.in/details/5837542456?utm_medium=api&utm_source=616fbe19,found,,,,,,,,,,
2026-08-12,Scout Incorporation,Backend Engineer,https://www.adzuna.in/details/5837542356?utm_medium=api&utm_source=616fbe19,found,,,,,,,,,,
2026-08-12,Kyndryl,Software Developer - AI,https://www.adzuna.in/land/ad/5837139101?se=to8ssveV8RGiYpuj0Q3xbQ&utm_medium=api&utm_source=616fbe19&v=61F3A9F15FEE752B93A2E1BD1C355743A71CB86F,found,,,,,,,,,,
2026-08-12,U.S. Bank,Software Engineer 1,https://www.adzuna.in/details/5837806435?utm_medium=api&utm_source=616fbe19,found,,,,,,,,,,
2026-08-12,U.S. Bank,Software Engineer 1 - IN,https://www.adzuna.in/details/5837806392?utm_medium=api&utm_source=616fbe19,found,,,,,,,,,,
2026-08-12,Citigroup,Python Developer - Software Engineer,https://www.adzuna.in/details/5837798198?utm_medium=api&utm_source=616fbe19,found,,,,,,,,,,
2026-08-12,Cisco,"Software Engineer - Python, React, AI, Exp: 4-8 Yrs, Bangalore",https://www.adzuna.in/details/5837797871?utm_medium=api&utm_source=616fbe19,found,,,,,,,,,,
2026-08-12,Cisco,Software Engineer,https://www.adzuna.in/details/5837797887?utm_medium=api&utm_source=616fbe19,found,,,,,,,,,,
2026-08-12,Cisco,Software Engineer,https://www.adzuna.in/details/5837797857?utm_medium=api&utm_source=616fbe19,found,,,,,,,,,,
2026-08-12,Cisco,Software Engineer- Agentic AI Developer- 6yrs exp,https://www.adzuna.in/details/5837797836?utm_medium=api&utm_source=616fbe19,found,,,,,,,,,,
2026-08-12,Gitlab,"Backend Engineer, Geo Team",https://job-boards.greenhouse.io/gitlab/jobs/8695515002,found,,,,,,,,,,
2026-08-12,TestHiring,Require a Software Engineer Trainee in Pune,https://www.adzuna.in/details/5838170544?utm_medium=api&utm_source=616fbe19,found,,,,,,,,,,
2026-08-12,ADCI - Maharashtra,"Software Development Engineer, AFFS",https://www.adzuna.in/details/5838100567?utm_medium=api&utm_source=616fbe19,found,,,,,,,,,,
2026-08-12,ADCI - Haryana,"Software Development Engineer, AI Ops Integration",https://www.adzuna.in/details/5838098611?utm_medium=api&utm_source=616fbe19,found,,,,,,,,,,
2026-08-12,ADCI - BLR 14 SEZ,"Software Development Engineer, RBS Tech",https://www.adzuna.in/details/5838098518?utm_medium=api&utm_source=616fbe19,found,,,,,,,,,,
2026-08-12,Cloudflare,Full Stack Engineer - Internal Audit,https://www.adzuna.in/details/5838096677?utm_medium=api&utm_source=616fbe19,found,,,,,,,,,,
2026-08-12,Google,Software Engineer Securityprivacy Gtech,https://www.google.com/about/careers/applications/jobs/results/112995736836022982-software-engineer-securityprivacy-gtech,found,,,,,,,,,,
2026-08-12,Showtime Consulting,Software Developer (GoLang/ AWS),https://www.adzuna.in/details/5838617024?utm_medium=api&utm_source=616fbe19,found,,,,,,,,,,
2026-08-12,Amazon,"SDE, International Cobranded Credit Cards",https://www.adzuna.in/details/5838602412?utm_medium=api&utm_source=616fbe19,found,,,,,,,,,,
2026-08-12,Fox,"Software Development Engineer Test, WebApps/tvApps",https://www.adzuna.in/details/5838501730?utm_medium=api&utm_source=616fbe19,found,,,,,,,,,,
2026-08-12,Accenture,Custom Software Engineer,https://www.adzuna.in/details/5838495279?utm_medium=api&utm_source=616fbe19,found,,,,,,,,,,
2026-08-12,Maersk,Software Engineer - Java and Spring Boot,https://www.adzuna.in/details/5838494018?utm_medium=api&utm_source=616fbe19,found,,,,,,,,,,
2026-08-12,Airbus,Software Engineer Cabin Management,https://www.adzuna.in/details/5838489172?utm_medium=api&utm_source=616fbe19,found,,,,,,,,,,
2026-08-12,Cisco,Software Engineer,https://www.adzuna.in/details/5838486606?utm_medium=api&utm_source=616fbe19,found,,,,,,,,,,
2026-08-12,Trigent Software Private Limited,- .NET Full Stack Developer,https://www.adzuna.in/details/5838663112?utm_medium=api&utm_source=616fbe19,found,,,,,,,,,,
2026-08-12,Trigent Software Private Limited,CYBER-SEC_IT Software Engineer,https://www.adzuna.in/details/5838663136?utm_medium=api&utm_source=616fbe19,found,,,,,,,,,,
2026-08-13,Diebold,Advanced Software Engineer,https://www.adzuna.in/details/5839224147?utm_medium=api&utm_source=616fbe19,found,,,,,,,,,,
2026-08-13,Scout Incorporation,Software Engineer - Java,https://www.adzuna.in/details/5839177582?utm_medium=api&utm_source=616fbe19,found,,,,,,,,,,
2026-08-13,Scout Incorporation,Software Engineer,https://www.adzuna.in/details/5839177519?utm_medium=api&utm_source=616fbe19,found,,,,,,,,,,
2026-08-13,Eka Software Solutions,Agentic Software Engineer,https://www.adzuna.in/details/5839138862?utm_medium=api&utm_source=616fbe19,found,,,,,,,,,,
2026-08-13,Iron Mountain,Associate Software Developer (React JS),https://www.adzuna.in/details/5839593287?utm_medium=api&utm_source=616fbe19,found,,,,,,,,,,
2026-08-13,Iron Mountain,Software Developer (.Net),https://www.adzuna.in/details/5839593282?utm_medium=api&utm_source=616fbe19,found,,,,,,,,,,
2026-08-13,NetApp,Software Engineer,https://www.adzuna.in/details/5839591339?utm_medium=api&utm_source=616fbe19,found,,,,,,,,,,
2026-08-13,Microsoft Corporation,Software Engineer,https://www.adzuna.in/details/5839591133?utm_medium=api&utm_source=616fbe19,found,,,,,,,,,,
2026-08-13,"McAfee, Inc.",Selenium API - Software Development Engineer in Test,https://www.adzuna.in/details/5839590890?utm_medium=api&utm_source=616fbe19,found,,,,,,,,,,
2026-08-13,"McAfee, Inc.",Cloud Software Engineer,https://www.adzuna.in/details/5839590620?utm_medium=api&utm_source=616fbe19,found,,,,,,,,,,
2026-08-13,Check Point Software Technologies,Full Stack Engineer,https://www.adzuna.in/details/5840001638?utm_medium=api&utm_source=616fbe19,found,,,,,,,,,,
2026-08-13,Mercor,Software Developer - Fully Remote,https://www.adzuna.in/details/5839871081?utm_medium=api&utm_source=616fbe19,found,,,,,,,,,,
2026-08-13,Thermo Fisher Scientific,Software Engineer I,https://www.adzuna.in/land/ad/5840277305?se=mDWRgB2X8RGtU5Il3Z8v3A&utm_medium=api&utm_source=616fbe19&v=96CFE3909768B9590FCD0DDD1DAF21090FAA288D,found,,,,,,,,,,
2026-08-13,ADCI - Karnataka,"Software Development Engineer, Amazon Fulfilment Tech",https://www.adzuna.in/details/5840192544?utm_medium=api&utm_source=616fbe19,found,,,,,,,,,,
2026-08-13,Amazon,Software Development Engineer,https://www.adzuna.in/details/5840182738?utm_medium=api&utm_source=616fbe19,found,,,,,,,,,,
2026-08-13,Egnyte,Software Development Engineer in Test,https://www.adzuna.in/details/5840174990?utm_medium=api&utm_source=616fbe19,found,,,,,,,,,,
2026-08-13,Accenture,Custom Software Engineer,https://www.adzuna.in/details/5840399646?utm_medium=api&utm_source=616fbe19,found,,,,,,,,,,
2026-08-13,Natwest Group,"Software Engineer, Oracle",https://www.adzuna.in/details/5840399274?utm_medium=api&utm_source=616fbe19,found,,,,,,,,,,
2026-08-13,Securonix,Software Engineer,https://www.adzuna.in/details/5840398966?utm_medium=api&utm_source=616fbe19,found,,,,,,,,,,
2026-08-13,Natwest Group,"Software Engineer, AVP",https://www.adzuna.in/details/5840398594?utm_medium=api&utm_source=616fbe19,found,,,,,,,,,,
2026-08-13,Cigna Group,Software Engineering Associate Advisor - HIH – Evernorth,https://www.adzuna.in/details/5840395856?utm_medium=api&utm_source=616fbe19,found,,,,,,,,,,
2026-08-13,Natwest Group,Software Engineer,https://www.adzuna.in/details/5840395169?utm_medium=api&utm_source=616fbe19,found,,,,,,,,,,
2026-08-13,Google,Software Engineer Youtube Full Stack,https://www.google.com/about/careers/applications/jobs/results/74698303731573446-software-engineer-youtube-full-stack,found,,,,,,,,,,
2026-08-13,H&M,"Software Engineer - Backend (Java, Azure)",https://www.adzuna.in/details/5840649090?utm_medium=api&utm_source=616fbe19,found,,,,,,,,,,
2026-08-13,Check Point Software Technologies,Full-Stack developer,https://www.adzuna.in/details/5840649098?utm_medium=api&utm_source=616fbe19,found,,,,,,,,,,
2026-08-13,Pavago,Full Stack Engineer,https://www.adzuna.in/details/5840539629?utm_medium=api&utm_source=616fbe19,found,,,,,,,,,,
2026-08-14,Laminaar Aviation Infotech India,Software Engineer (iOS),https://www.adzuna.in/details/5841130756?utm_medium=api&utm_source=616fbe19,found,,,,,,,,,,
2026-08-14,Laminaar Aviation Infotech India,Software Engineer (.Net Developer),https://www.adzuna.in/details/5841130741?utm_medium=api&utm_source=616fbe19,found,,,,,,,,,,
2026-08-14,Tokopedia,Software Engineer - GoTo Financial,https://www.adzuna.in/details/5841130067?utm_medium=api&utm_source=616fbe19,found,,,,,,,,,,
2026-08-14,Tokopedia,Software Engineer,https://www.adzuna.in/details/5841129926?utm_medium=api&utm_source=616fbe19,found,,,,,,,,,,
2026-08-14,Atlassian,"Fullstack Software Engineer, DX",https://careers-americas.icims.com/jobs/26345/fullstack-software-engineer%2c-dx/job,found,,,,,,,,,,
2026-08-14,BlackRock,"Application Engineer, Vice President",https://www.adzuna.in/details/5841398682?utm_medium=api&utm_source=616fbe19,found,,,,,,,,,,
2026-08-14,Amazon,"Software Development Engineer, FBA",https://www.adzuna.in/details/5841398230?utm_medium=api&utm_source=616fbe19,found,,,,,,,,,,
2026-08-14,Amazon,"Software Development Engineer, Amazon Fulfilment Tech",https://www.adzuna.in/details/5841398262?utm_medium=api&utm_source=616fbe19,found,,,,,,,,,,
2026-08-14,ABB,Software Engineer,https://www.adzuna.in/land/ad/5841509309?se=aIcJasGX8RGisIJAvKtLSA&utm_medium=api&utm_source=616fbe19&v=F0CBD76E98B59033FBF717A5F1D65AD6666830ED,found,,,,,,,,,,
2026-08-14,Kyndryl,Software Engineer - Microsoft Power Platform Developer,https://www.adzuna.in/land/ad/5841509246?se=aIcJasGX8RGisIJAvKtLSA&utm_medium=api&utm_source=616fbe19&v=77A93A263198B258FF86EBD054D2013BF2EF8C57,found,,,,,,,,,,
2026-08-14,Version 1,AI Full-Stack Engineer,https://www.adzuna.in/details/5841481310?utm_medium=api&utm_source=616fbe19,found,,,,,,,,,,
2026-08-14,UnitedHealth Group,Software Engineer,https://www.adzuna.in/details/5841446861?utm_medium=api&utm_source=616fbe19,found,,,,,,,,,,
2026-08-14,UnitedHealth Group,Full Stack Engineer,https://www.adzuna.in/details/5841446688?utm_medium=api&utm_source=616fbe19,found,,,,,,,,,,
2026-08-14,ThermoFisher Scientific,Software Engineer I,https://www.adzuna.in/details/5841446515?utm_medium=api&utm_source=616fbe19,found,,,,,,,,,,
2026-08-14,Microsoft,Software Engineer,https://apply.careers.microsoft.com/careers/job/1970393556957799,found,,,,,,,,,,
2026-08-14,Microsoft,Software Engineer Playready,https://apply.careers.microsoft.com/careers/job/1970393556958010,found,,,,,,,,,,
2026-08-14,Postman,"Software Engineer (Fullstack), Collections",https://job-boards.greenhouse.io/postman/jobs/7858498003,found,,,,,,,,,,
2026-08-14,ADCI HYD 13 SEZ,"Quality Assurance Engineer I, Amazon Pay India",https://www.adzuna.in/details/5841723356?utm_medium=api&utm_source=616fbe19,found,,,,,,,,,,
2026-08-14,Amazon,"Software Development Engineer, Alexa Connections",https://www.adzuna.in/details/5841714518?utm_medium=api&utm_source=616fbe19,found,,,,,,,,,,
2026-08-14,Agivant Technologies,Software Engineer (Java Full Stack),https://www.adzuna.in/details/5841714681?utm_medium=api&utm_source=616fbe19,found,,,,,,,,,,
2026-08-14,NatWest Group,Software Engineer,https://www.adzuna.in/details/5841714546?utm_medium=api&utm_source=616fbe19,found,,,,,,,,,,
2026-08-14,NatWest Group,"Software Engineer, AVP",https://www.adzuna.in/details/5841714331?utm_medium=api&utm_source=616fbe19,found,,,,,,,,,,
2026-08-14,ProofofSkill,Founding Full Stack Engineer,https://www.adzuna.in/details/5841706021?utm_medium=api&utm_source=616fbe19,found,,,,,,,,,,
2026-08-14,ABB,Software Engineer,https://www.adzuna.in/land/ad/5841509309?se=prnoBOaX8RGqM9tlrK2FfQ&utm_medium=api&utm_source=616fbe19&v=F0CBD76E98B59033FBF717A5F1D65AD6666830ED,found,,,,,,,,,,
2026-08-14,Kyndryl,Software Engineer - Microsoft Power Platform Developer,https://www.adzuna.in/land/ad/5841509246?se=prnoBOaX8RGqM9tlrK2FfQ&utm_medium=api&utm_source=616fbe19&v=77A93A263198B258FF86EBD054D2013BF2EF8C57,found,,,,,,,,,,
2026-08-14,Natwest Group,"Software Engineer, Java, VP",https://www.adzuna.in/details/5841969258?utm_medium=api&utm_source=616fbe19,found,,,,,,,,,,
2026-08-14,Amazon,"Software Development Engineer, Alexa Customers & Technology",https://www.adzuna.in/details/5841968818?utm_medium=api&utm_source=616fbe19,found,,,,,,,,,,
2026-08-14,Pitney Bowes,Associate Software Engineer,https://www.adzuna.in/details/5841956200?utm_medium=api&utm_source=616fbe19,found,,,,,,,,,,
2026-08-14,Amazon,"Software Development Engineer, Payroll Tech",https://www.adzuna.in/details/5841952696?utm_medium=api&utm_source=616fbe19,found,,,,,,,,,,
2026-08-15,Check Point Software,Full-Stack developer,https://www.adzuna.in/details/5842489475?utm_medium=api&utm_source=616fbe19,found,,,,,,,,,,
2026-08-15,CGI,Software Engineer - HyperionDeveloper,https://www.adzuna.in/details/5842489453?utm_medium=api&utm_source=616fbe19,found,,,,,,,,,,
2026-08-15,Emerson,Software Engineer Trainee,https://www.adzuna.in/details/5842617091?utm_medium=api&utm_source=616fbe19,found,,,,,,,,,,
2026-08-15,Anblicks Solutions,Associate Software Engineer,https://www.adzuna.in/details/5842589836?utm_medium=api&utm_source=616fbe19,found,,,,,,,,,,
2026-08-15,Eurofins GSC IT DC,Software Engineer,https://www.adzuna.in/details/5842846591?utm_medium=api&utm_source=616fbe19,found,,,,,,,,,,
2026-08-15,Eurofins GSC IT DC,.Net Fullstack Developer,https://www.adzuna.in/details/5842846574?utm_medium=api&utm_source=616fbe19,found,,,,,,,,,,
2026-08-15,U.S. Bank,Software Engineer 1,https://www.adzuna.in/details/5842778707?utm_medium=api&utm_source=616fbe19,found,,,,,,,,,,
2026-08-15,U.S. Bank,Software Engineer - Java,https://www.adzuna.in/details/5842778693?utm_medium=api&utm_source=616fbe19,found,,,,,,,,,,
2026-08-15,UnitedHealth Group,Software Engineer,https://www.adzuna.in/details/5842777563?utm_medium=api&utm_source=616fbe19,found,,,,,,,,,,
2026-08-15,Roche,"Full-Stack Software Engineer (Frontend, Backend & Cloud) - Applied & Agentic AI Systems",https://www.adzuna.in/details/5842764291?utm_medium=api&utm_source=616fbe19,found,,,,,,,,,,
2026-08-15,Roche,Full-Stack AI Engineer / Data Scientist - Agentic Systems,https://www.adzuna.in/details/5842764272?utm_medium=api&utm_source=616fbe19,found,,,,,,,,,,
2026-08-15,Palo Alto Networks,Application Engineer,https://www.adzuna.in/details/5842763774?utm_medium=api&utm_source=616fbe19,found,,,,,,,,,,
2026-08-15,NetApp,Software Engineer,https://www.adzuna.in/details/5842763621?utm_medium=api&utm_source=616fbe19,found,,,,,,,,,,
2026-08-15,Kyndryl,Software Engineer - Microsoft Power Platform Developer,https://www.adzuna.in/details/5842763522?utm_medium=api&utm_source=616fbe19,found,,,,,,,,,,
2026-08-15,Kyndryl,Software Engineer - Microsoft Power Platform Developer,https://www.adzuna.in/details/5842763492?utm_medium=api&utm_source=616fbe19,found,,,,,,,,,,
2026-08-15,LiveRamp,Software Development Engineer,https://www.adzuna.in/details/5842763369?utm_medium=api&utm_source=616fbe19,found,,,,,,,,,,
2026-08-15,ADCI - Karnataka,"Software Development Engineer, Traffic Quality",https://www.adzuna.in/details/5843026349?utm_medium=api&utm_source=616fbe19,found,,,,,,,,,,
2026-08-15,WhiteCrow Research,Software Engineer - ERP,https://www.adzuna.in/details/5843020137?utm_medium=api&utm_source=616fbe19,found,,,,,,,,,,
2026-08-15,Palo Alto Networks,Application Engineer,https://www.adzuna.in/details/5843020207?utm_medium=api&utm_source=616fbe19,found,,,,,,,,,,
2026-08-15,TrueBlue,Software Engineer,https://www.adzuna.in/details/5843012300?utm_medium=api&utm_source=616fbe19,found,,,,,,,,,,
2026-08-15,Accenture,Custom Software Engineer,https://www.adzuna.in/details/5843197217?utm_medium=api&utm_source=616fbe19,found,,,,,,,,,,
2026-08-15,Cisco,Software Engineer,https://www.adzuna.in/details/5843196487?utm_medium=api&utm_source=616fbe19,found,,,,,,,,,,
2026-08-15,Amazon,"Software Development Engineer, Emerging Devices Software",https://www.adzuna.in/details/5843194387?utm_medium=api&utm_source=616fbe19,found,,,,,,,,,,
2026-08-15,Amazon,"Software Development Engineer, Inbound & Inventory Management Tech",https://www.adzuna.in/details/5843193957?utm_medium=api&utm_source=616fbe19,found,,,,,,,,,,
2026-08-15,Amazon,"Software Development Engineer, Alexa Customers & Technology",https://www.adzuna.in/details/5843191900?utm_medium=api&utm_source=616fbe19,found,,,,,,,,,,
2026-08-15,DTCC,Software Development Engineer in Test,https://www.adzuna.in/details/5843184719?utm_medium=api&utm_source=616fbe19,found,,,,,,,,,,
2026-08-16,U.S. Bank,Software Engineer,https://www.adzuna.in/details/5843998055?utm_medium=api&utm_source=616fbe19,found,,,,,,,,,,
2026-08-16,UnitedHealth Group,Software Engineer,https://www.adzuna.in/details/5843997741?utm_medium=api&utm_source=616fbe19,found,,,,,,,,,,
2026-08-16,Microsoft Corporation,Software Engineer,https://www.adzuna.in/details/5843992800?utm_medium=api&utm_source=616fbe19,found,,,,,,,,,,
2026-08-16,Microsoft Corporation,Software Engineer Playready,https://www.adzuna.in/details/5843992791?utm_medium=api&utm_source=616fbe19,found,,,,,,,,,,
2026-08-16,ADCI - BLR 14 SEZ,"Software Development Engineer, CAM",https://www.adzuna.in/details/5844155172?utm_medium=api&utm_source=616fbe19,found,,,,,,,,,,
2026-08-16,CertifyOS,Software Engineer - Apps,https://www.adzuna.in/details/5844356370?utm_medium=api&utm_source=616fbe19,found,,,,,,,,,,
2026-08-16,Modaxo,Software Development Engineer,https://www.adzuna.in/details/5844353695?utm_medium=api&utm_source=616fbe19,found,,,,,,,,,,
2026-08-16,Barclays,Software Engineer - Java,https://www.adzuna.in/details/5844353134?utm_medium=api&utm_source=616fbe19,found,,,,,,,,,,
2026-08-16,Natwest Group,WOW - Software Engineer,https://www.adzuna.in/details/5844336881?utm_medium=api&utm_source=616fbe19,found,,,,,,,,,,
2026-08-16,PhonePe,"Software Engineer, Backend (5-7 years)",https://www.adzuna.in/details/5844336133?utm_medium=api&utm_source=616fbe19,found,,,,,,,,,,
2026-08-16,Natwest Group,"WoW - Software Engineer - GCP Apigee, AVP",https://www.adzuna.in/details/5844319998?utm_medium=api&utm_source=616fbe19,found,,,,,,,,,,
2026-08-16,Amazon,"Software Development Engineer, Prime Video Sports",https://www.adzuna.in/details/5844319417?utm_medium=api&utm_source=616fbe19,found,,,,,,,,,,
2026-08-17,Physical Superintelligence,Member of Technical Staff Engineering,https://remoteOK.com/remote-jobs/remote-member-of-technical-staff-engineering-physical-superintelligence-1136798,found,,,,,,,,,,
2026-08-17,IQVIA,Software Developer,https://www.adzuna.in/details/5844946531?utm_medium=api&utm_source=616fbe19,found,,,,,,,,,,
2026-08-17,NetApp,"Software Engineer (C, C++)",https://www.adzuna.in/land/ad/5844802896?se=SFsHHBqa8RGkvsrO_ePWHQ&utm_medium=api&utm_source=616fbe19&v=9E939FF271BB956EE0CC3DA2CBBCA58F87BA6EFB,found,,,,,,,,,,
2026-08-17,Amazon,"ITS Systems Engineer, Corporate Infrastructure Services, IT",https://www.adzuna.in/details/5845086892?utm_medium=api&utm_source=616fbe19,found,,,,,,,,,,
2026-08-17,Amazon,"Software Development Engineer, Everyday Essentials Experiences",https://www.adzuna.in/details/5845245291?utm_medium=api&utm_source=616fbe19,found,,,,,,,,,,
2026-08-17,Jumpcloud,Full Stack Software Engineer - India,https://jobs.lever.co/jumpcloud/4ebbdea9-39c2-465d-bbdf-bf379a8e4a06,found,,,,,,,,,,
2026-08-17,Trigent Software Private Limited,Full Stack Engineer - Java Full Stack Development,https://www.adzuna.in/details/5845374568?utm_medium=api&utm_source=616fbe19,found,,,,,,,,,,
2026-08-17,Trigent Software Private Limited,Custom Software Engineer - Reltio,https://www.adzuna.in/details/5845374565?utm_medium=api&utm_source=616fbe19,found,,,,,,,,,,
2026-08-17,Trigent Software Private Limited,Custom Software Engineer - Google BigQuery,https://www.adzuna.in/details/5845374603?utm_medium=api&utm_source=616fbe19,found,,,,,,,,,,
2026-08-17,Trigent Software Private Limited,Custom Software Engineer - Selenium,https://www.adzuna.in/details/5845374600?utm_medium=api&utm_source=616fbe19,found,,,,,,,,,,
2026-08-17,Trigent Software Private Limited,Custom Software Engineer - Salesforce Marketing Cloud,https://www.adzuna.in/details/5845374572?utm_medium=api&utm_source=616fbe19,found,,,,,,,,,,
2026-08-18,Wolters Kluwer,Enterprise Software Engineer Cloud Data Engineering,https://www.adzuna.in/details/5845820609?utm_medium=api&utm_source=616fbe19,found,,,,,,,,,,
2026-08-18,Emerson,Systems Engineer,https://www.adzuna.in/details/5845843208?utm_medium=api&utm_source=616fbe19,found,,,,,,,,,,
2026-08-18,ascendion,Fullstack Developer,https://www.adzuna.in/details/5845843158?utm_medium=api&utm_source=616fbe19,found,,,,,,,,,,
2026-08-18,Scouit,Software Engineer,https://www.adzuna.in/details/5845822279?utm_medium=api&utm_source=616fbe19,found,,,,,,,,,,
2026-08-18,Moody's,Software Engineer,https://www.adzuna.in/land/ad/5846723512?se=wOXXuwWb8RGYpc0vDKed3A&utm_medium=api&utm_source=616fbe19&v=3470E4F177A5A6C859FBA60765A213D5C2E92C0B,found,,,,,,,,,,
2026-08-18,Morningstar,Software Engineer (Onboarding),https://www.adzuna.in/land/ad/5846723250?se=wOXXuwWb8RGYpc0vDKed3A&utm_medium=api&utm_source=616fbe19&v=FD163B70D5A7E1D9ED77D9D26B6470B9BACBC8ED,found,,,,,,,,,,
2026-08-18,ADCI - Haryana,"Software Development Engineer, ShipTech",https://www.adzuna.in/details/5846562144?utm_medium=api&utm_source=616fbe19,found,,,,,,,,,,
2026-08-18,ADCI - Karnataka,Software Development Engineer,https://www.adzuna.in/details/5846562140?utm_medium=api&utm_source=616fbe19,found,,,,,,,,,,
2026-08-18,ADCI - Karnataka,"Business Intelligence Engineer I, Risk and Compliance Solutions (RCS)",https://www.adzuna.in/details/5846562138?utm_medium=api&utm_source=616fbe19,found,,,,,,,,,,
2026-08-18,Automate Accounts,Software Developer,https://www.adzuna.in/details/5846555955?utm_medium=api&utm_source=616fbe19,found,,,,,,,,,,
2026-08-18,SourcingXPress,Software Engineer,https://www.adzuna.in/details/5847067153?utm_medium=api&utm_source=616fbe19,found,,,,,,,,,,
2026-08-18,CGI,Software Engineer - AWS Cloud Engineer,https://www.adzuna.in/details/5847067117?utm_medium=api&utm_source=616fbe19,found,,,,,,,,,,
2026-08-18,WM Global Technology Services India,"(Ind) Distinguished, Software Engineer",https://www.adzuna.in/details/5846921098?utm_medium=api&utm_source=616fbe19,found,,,,,,,,,,
2026-08-18,Danaher,Software Engineer I - Test,https://www.adzuna.in/details/5846917775?utm_medium=api&utm_source=616fbe19,found,,,,,,,,,,
2026-08-18,Equifax,Software Engineer - Career,https://www.adzuna.in/details/5846917371?utm_medium=api&utm_source=616fbe19,found,,,,,,,,,,
2026-08-18,Vertiv Group,Engineer I Electrical & Electronics Engineering IX,https://www.adzuna.in/details/5846916980?utm_medium=api&utm_source=616fbe19,found,,,,,,,,,,
2026-08-18,Trigent Software Private Limited,Custom Software Engineer - Spring Boot,https://www.adzuna.in/details/5847115544?utm_medium=api&utm_source=616fbe19,found,,,,,,,,,,
2026-08-19,Wells Fargo,Software engineer,https://www.adzuna.in/details/5847853433?utm_medium=api&utm_source=616fbe19,found,,,,,,,,,,
2026-08-19,"NTT America, Inc.",Business Consulting-Developer Software Engineer,https://www.adzuna.in/details/5847852144?utm_medium=api&utm_source=616fbe19,found,,,,,,,,,,
2026-08-19,CBRE,Software Engineer,https://www.adzuna.in/details/5848053736?utm_medium=api&utm_source=616fbe19,found,,,,,,,,,,
2026-08-19,Ajackus,Python Full Stack Developer,https://www.adzuna.in/details/5848053521?utm_medium=api&utm_source=616fbe19,found,,,,,,,,,,
